Workbook

Sheet Raw Data
A1: Age | B1: Attrition | C1: BusinessTravel | D1: Department | E1: DistanceFromHome | F1: Education | G1: EducationField | H1: EmployeeID | I1: Gender | J1: JobLevel | K1: JobRole | L1: MaritalStatus | M1: MonthlyIncome | N1: NumCompaniesWorked | O1: PercentSalaryHike | P1: StockOptionLevel | Q1: TotalWorkingYears | R1: TrainingTimesLastYear | S1: YearsAtCompany | T1: YearsSinceLastPromotion | U1: YearsWithCurrManager | V1: EnvironmentSatisfaction | W1: JobSatisfaction | X1: WorkLifeBalance | Y1: JobInvolvement | Z1: PerformanceRating
A2: 51 | B2: No | C2: Travel_Rarely | D2: Sales | E2: 6 | F2: 2 | G2: Life Sciences | H2: 1 | I2: Female | J2: 1 | K2: Healthcare Representative | L2: Married | M2: 131160 | N2: 1 | O2: 11 | P2: 0 | Q2: 1 | R2: 6 | S2: 1 | T2: 0 | U2: 0 | V2: 3 | W2: 4 | X2: 2 | Y2: 3 | Z2: 3
A3: 31 | B3: Yes | C3: Travel_Frequently | D3: Research & Development | E3: 10 | F3: 1 | G3: Life Sciences | H3: 2 | I3: Female | J3: 1 | K3: Research Scientist | L3: Single | M3: 41890 | N3: 0 | O3: 23 | P3: 1 | Q3: 6 | R3: 3 | S3: 5 | T3: 1 | U3: 4 | V3: 3 | W3: 2 | X3: 4 | Y3: 2 | Z3: 4
A4: 32 | B4: No | C4: Travel_Frequently | D4: Research & Development | E4: 17 | F4: 4 | G4: Other | H4: 3 | I4: Male | J4: 4 | K4: Sales Executive | L4: Married | M4: 193280 | N4: 1 | O4: 15 | P4: 3 | Q4: 5 | R4: 2 | S4: 5 | T4: 0 | U4: 3 | V4: 2 | W4: 2 | X4: 1 | Y4: 3 | Z4: 3
A5: 38 | B5: No | C5: Non-Travel | D5: Research & Development | E5: 2 | F5: 5 | G5: Life Sciences | H5: 4 | I5: Male | J5: 3 | K5: Human Resources | L5: Married | M5: 83210 | N5: 3 | O5: 11 | P5: 3 | Q5: 13 | R5: 5 | S5: 8 | T5: 7 | U5: 5 | V5: 4 | W5: 4 | X5: 3 | Y5: 2 | Z5: 3
A6: 32 | B6: No | C6: Travel_Rarely | D6: Research & Development | E6: 10 | F6: 1 | G6: Medical | H6: 5 | I6: Male | J6: 1 | K6: Sales Executive | L6: Single | M6: 23420 | N6: 4 | O6: 12 | P6: 2 | Q6: 9 | R6: 2 | S6: 6 | T6: 0 | U6: 4 | V6: 4 | W6: 1 | X6: 3 | Y6: 3 | Z6: 3
A7: 46 | B7: No | C7: Travel_Rarely | D7: Research & Development | E7: 8 | F7: 3 | G7: Life Sciences | H7: 6 | I7: Female | J7: 4 | K7: Research Director | L7: Married | M7: 40710 | N7: 3 | O7: 13 | P7: 0 | Q7: 28 | R7: 5 | S7: 7 | T7: 7 | U7: 7 | V7: 3 | W7: 2 | X7: 2 | Y7: 3 | Z7: 3
A8: 28 | B8: Yes | C8: Travel_Rarely | D8: Research & Development | E8: 11 | F8: 2 | G8: Medical | H8: 7 | I8: Male | J8: 2 | K8: Sales Executive | L8: Single | M8: 58130 | N8: 2 | O8: 20 | P8: 1 | Q8: 5 | R8: 2 | S8: 0 | T8: 0 | U8: 0 | V8: 1 | W8: 3 | X8: 1 | Y8: 3 | Z8: 4
A9: 29 | B9: No | C9: Travel_Rarely | D9: Research & Development | E9: 18 | F9: 3 | G9: Life Sciences | H9: 8 | I9: Male | J9: 2 | K9: Sales Executive | L9: Married | M9: 31430 | N9: 2 | O9: 22 | P9: 3 | Q9: 10 | R9: 2 | S9: 0 | T9: 0 | U9: 0 | V9: 1 | W9: 2 | X9: 3 | Y9: 3 | Z9: 4
A10: 31 | B10: No | C10: Travel_Rarely | D10: Research & Development | E10: 1 | F10: 3 | G10: Life Sciences | H10: 9 | I10: Male | J10: 3 | K10: Laboratory Technician | L10: Married | M10: 20440 | N10: 0 | O10: 21 | P10: 0 | Q10: 10 | R10: 2 | S10: 9 | T10: 7 | U10: 8 | V10: 2 | W10: 4 | X10: 3 | Y10: 3 | Z10: 4
A11: 25 | B11: No | C11: Non-Travel | D11: Research & Development | E11: 7 | F11: 4 | G11: Medical | H11: 10 | I11: Female | J11: 4 | K11: Laboratory Technician | L11: Divorced | M11: 134640 | N11: 1 | O11: 13 | P11: 1 | Q11: 6 | R11: 2 | S11: 6 | T11: 1 | U11: 5 | V11: 2 | W11: 1 | X11: 3 | Y11: 3 | Z11: 3
A12: 45 | B12: No | C12: Travel_Rarely | D12: Research & Development | E12: 17 | F12: 2 | G12: Medical | H12: 11 | I12: Male | J12: 2 | K12: Laboratory Technician | L12: Married | M12: 79910 | N12: 0 | O12: 13 | P12: 2 | Q12: 21 | R12: 2 | S12: 20 | T12: 4 | U12: 10 | V12: 3 | W12: 4 | X12: 3 | Y12: 2 | Z12: 3
A13: 36 | B13: No | C13: Travel_Rarely | D13: Research & Development | E13: 28 | F13: 1 | G13: Life Sciences | H13: 12 | I13: Male | J13: 1 | K13: Laboratory Technician | L13: Married | M13: 33770 | N13: 0 | O13: 12 | P13: 2 | Q13: 16 | R13: 2 | S13: 15 | T13: 10 | U13: 11 | W13: 4 | X13: 3 | Y13: 3 | Z13: 3
A14: 55 | B14: No | C14: Travel_Rarely | D14: Research & Development | E14: 14 | F14: 4 | G14: Life Sciences | H14: 13 | I14: Female | J14: 1 | K14: Sales Executive | L14: Single | M14: 55380 | N14: 0 | O14: 17 | P14: 0 | Q14: 37 | R14: 2 | S14: 36 | T14: 4 | U14: 13 | V14: 4 | W14: 1 | X14: 3 | Y14: 3 | Z14: 3
A15: 47 | B15: Yes | C15: Non-Travel | D15: Research & Development | E15: 1 | F15: 1 | G15: Medical | H15: 14 | I15: Male | J15: 1 | K15: Research Scientist | L15: Married | M15: 57620 | N15: 1 | O15: 11 | P15: 2 | Q15: 10 | R15: 4 | S15: 10 | T15: 9 | U15: 9 | V15: 1 | W15: 2 | X15: 2 | Y15: 2 | Z15: 3
A16: 28 | B16: No | C16: Travel_Rarely | D16: Research & Development | E16: 1 | F16: 3 | G16: Life Sciences | H16: 15 | I16: Male | J16: 1 | K16: Manufacturing Director | L16: Married | M16: 25920 | N16: 1 | O16: 14 | P16: 0 | Q16: 5 | R16: 2 | S16: 5 | T16: 0 | U16: 4 | V16: 4 | W16: 4 | X16: 2 | Y16: 3 | Z16: 3
A17: 37 | B17: No | C17: Travel_Rarely | D17: Research & Development | E17: 1 | F17: 3 | G17: Life Sciences | H17: 16 | I17: Male | J17: 2 | K17: Healthcare Representative | L17: Married | M17: 53460 | N17: 4 | O17: 11 | P17: 0 | Q17: 7 | R17: 2 | S17: 5 | T17: 0 | U17: 1 | V17: 3 | W17: 4 | X17: 4 | Y17: 3 | Z17: 3
A18: 21 | B18: No | C18: Travel_Rarely | D18: Research & Development | E18: 3 | F18: 2 | G18: Life Sciences | H18: 17 | I18: Male | J18: 1 | K18: Laboratory Technician | L18: Single | M18: 42130 | N18: 1 | O18: 12 | P18: 3 | Q18: 3 | R18: 3 | S18: 3 | T18: 1 | U18: 0 | V18: 4 | W18: 3 | X18: 4 | Y18: 2 | Z18: 3
A19: 37 | B19: No | C19: Non-Travel | D19: Research & Development | E19: 1 | F19: 3 | G19: Medical | H19: 18 | I19: Male | J19: 2 | K19: Sales Executive | L19: Divorced | M19: 41270 | N19: 2 | O19: 13 | P19: 1 | Q19: 15 | R19: 2 | S19: 5 | T19: 0 | U19: 2 | V19: 1 | W19: 4 | X19: 3 | Y19: 3 | Z19: 3
A20: 35 | B20: No | C20: Travel_Rarely | D20: Sales | E20: 7 | F20: 4 | G20: Life Sciences | H20: 19 | I20: Male | J20: 1 | K20: Sales Representative | L20: Divorced | M20: 24380 | N20: 7 | O20: 16 | P20: 0 | Q20: 10 | R20: 5 | S20: 7 | T20: 6 | U20: 2 | V20: 2 | W20: 2 | X20: 2 | Y20: 2 | Z20: 3
A21: 38 | B21: No | C21: Travel_Rarely | D21: Research & Development | E21: 8 | F21: 3 | G21: Life Sciences | H21: 20 | I21: Female | J21: 1 | K21: Manager | L21: Divorced | M21: 68700 | N21: 1 | O21: 11 | P21: 1 | Q21: 8 | R21: 5 | S21: 8 | T21: 7 | U21: 7 | V21: 1 | W21: 1 | X21: 3 | Y21: 3 | Z21: 3
A22: 26 | B22: No | C22: Travel_Frequently | D22: Research & Development | E22: 1 | F22: 4 | G22: Other | H22: 21 | I22: Male | J22: 2 | K22: Laboratory Technician | L22: Divorced | M22: 104470 | N22: 1 | O22: 18 | P22: 0 | Q22: 6 | R22: 3 | S22: 6 | T22: 1 | U22: 4 | V22: 3 | W22: 2 | X22: 1 | Y22: 3 | Z22: 3
A23: 50 | B23: No | C23: Travel_Rarely | D23: Sales | E23: 8 | F23: 4 | G23: Life Sciences | H23: 22 | I23: Male | J23: 1 | K23: Research Scientist | L23: Divorced | M23: 96670 | N23: 3 | O23: 23 | P23: 0 | Q23: 28 | R23: 2 | S23: 10 | T23: 1 | U23: 6 | V23: 1 | W23: 2 | X23: 2 | Y23: 2 | Z23: 4
A24: 53 | B24: No | C24: Travel_Rarely | D24: Research & Development | E24: 11 | F24: 4 | G24: Life Sciences | H24: 23 | I24: Female | J24: 2 | K24: Research Scientist | L24: Married | M24: 21480 | N24: 3 | O24: 11 | P24: 0 | Q24: 21 | R24: 2 | S24: 5 | T24: 1 | U24: 3 | V24: 3 | W24: 3 | X24: 2 | Y24: 3 | Z24: 3
A25: 42 | B25: No | C25: Travel_Rarely | D25: Research & Development | E25: 4 | F25: 4 | G25: Life Sciences | H25: 24 | I25: Male | J25: 1 | K25: Manufacturing Director | L25: Married | M25: 89260 | N25: 1 | O25: 14 | P25: 0 | R25: 4 | S25: 20 | T25: 11 | U25: 6 | V25: 2 | W25: 3 | X25: 3 | Y25: 1 | Z25: 3
A26: 29 | B26: No | C26: Travel_Frequently | D26: Research & Development | E26: 16 | F26: 4 | G26: Medical | H26: 25 | I26: Male | J26: 1 | K26: Laboratory Technician | L26: Single | M26: 65130 | N26: 1 | O26: 11 | P26: 1 | Q26: 10 | R26: 2 | S26: 10 | T26: 0 | U26: 9 | V26: 2 | W26: 4 | X26: 2 | Y26: 3 | Z26: 3
A27: 55 | B27: No | C27: Travel_Rarely | D27: Research & Development | E27: 1 | F27: 4 | G27: Other | H27: 26 | I27: Female | J27: 1 | K27: Research Scientist | L27: Married | M27: 67990 | N27: 3 | O27: 11 | P27: 0 | Q27: 12 | R27: 2 | S27: 10 | T27: 0 | U27: 8 | V27: 2 | W27: 4 | X27: 3 | Y27: 3 | Z27: 3
A28: 26 | B28: No | C28: Travel_Frequently | D28: Research & Development | E28: 9 | F28: 3 | G28: Life Sciences | H28: 27 | I28: Female | J28: 1 | K28: Manager | L28: Married | M28: 162910 | N28: 1 | O28: 22 | P28: 0 | Q28: 5 | R28: 3 | S28: 5 | T28: 3 | U28: 3 | V28: 1 | W28: 1 | X28: 3 | Y28: 3 | Z28: 4
A29: 37 | B29: No | C29: Travel_Rarely | D29: Sales | E29: 5 | F29: 1 | G29: Marketing | H29: 28 | I29: Male | J29: 1 | K29: Research Scientist | L29: Single | M29: 27050 | N29: 1 | O29: 11 | P29: 0 | Q29: 17 | R29: 2 | S29: 17 | T29: 5 | U29: 7 | V29: 4 | W29: 4 | X29: 3 | Y29: 3 | Z29: 3
A30: 44 | B30: Yes | C30: Travel_Frequently | D30: Research & Development | E30: 1 | F30: 2 | G30: Medical | H30: 29 | I30: Male | J30: 2 | K30: Research Scientist | L30: Divorced | M30: 103330 | N30: 3 | O30: 14 | P30: 1 | Q30: 19 | R30: 2 | S30: 1 | T30: 0 | U30: 0 | V30: 4 | W30: 3 | X30: 1 | Y30: 2 | Z30: 3
A31: 38 | B31: No | C31: Travel_Rarely | D31: Sales | E31: 2 | F31: 3 | G31: Marketing | H31: 30 | I31: Female | J31: 1 | K31: Manager | L31: Divorced | M31: 44480 | N31: 9 | O31: 12 | P31: 0 | Q31: 10 | R31: 3 | S31: 2 | T31: 1 | U31: 2 | V31: 4 | W31: 4 | X31: 3 | Y31: 2 | Z31: 3
A32: 26 | B32: Yes | C32: Travel_Rarely | D32: Research & Development | E32: 4 | F32: 3 | G32: Medical | H32: 31 | I32: Male | J32: 3 | K32: Research Scientist | L32: Divorced | M32: 68540 | N32: 2 | O32: 11 | P32: 0 | Q32: 5 | R32: 5 | S32: 3 | T32: 0 | U32: 2 | V32: 1 | W32: 2 | X32: 3 | Y32: 2 | Z32: 3
A33: 28 | B33: No | C33: Travel_Rarely | D33: Research & Development | E33: 7 | F33: 3 | G33: Other | H33: 32 | I33: Male | J33: 1 | K33: Human Resources | L33: Single | M33: 96370 | N33: 1 | O33: 13 | P33: 0 | Q33: 5 | R33: 6 | S33: 5 | T33: 0 | U33: 2 | V33: 4 | W33: 4 | X33: 3 | Y33: 2 | Z33: 3
A34: 49 | B34: No | C34: Travel_Frequently | D34: Research & Development | E34: 1 | F34: 1 | G34: Medical | H34: 33 | I34: Female | J34: 2 | K34: Research Scientist | L34: Single | M34: 35910 | N34: 9 | O34: 13 | P34: 0 | Q34: 22 | R34: 2 | S34: 3 | T34: 1 | U34: 2 | V34: 3 | W34: 1 | X34: 3 | Y34: 3 | Z34: 3
A35: 36 | B35: No | C35: Travel_Rarely | D35: Sales | E35: 5 | F35: 3 | G35: Technical Degree | H35: 34 | I35: Male | J35: 3 | K35: Sales Executive | L35: Single | M35: 54050 | N35: 4 | O35: 14 | P35: 0 | Q35: 10 | R35: 2 | S35: 8 | T35: 7 | U35: 7 | V35: 3 | W35: 2 | X35: 3 | Y35: 3 | Z35: 3
A36: 31 | B36: No | C36: Travel_Frequently | D36: Research & Development | E36: 9 | F36: 4 | G36: Medical | H36: 35 | I36: Male | J36: 1 | K36: Sales Executive | L36: Divorced | M36: 46840 | N36: 1 | O36: 16 | P36: 1 | Q36: 2 | R36: 4 | S36: 2 | T36: 2 | U36: 2 | V36: 4 | W36: 2 | X36: 2 | Y36: 3 | Z36: 3
A37: 26 | B37: Yes | C37: Travel_Rarely | D37: Research & Development | E37: 8 | F37: 3 | G37: Medical | H37: 36 | I37: Male | J37: 2 | K37: Manager | L37: Single | M37: 157870 | N37: 1 | O37: 12 | P37: 2 | Q37: 8 | R37: 5 | S37: 8 | T37: 7 | U37: 4 | V37: 4 | W37: 4 | X37: 3 | Y37: 3 | Z37: 3
... A41: 35 | B41: No | C41: Travel_Rarely | D41: Sales | E41: 20 | F41: 2 | G41: Life Sciences | H41: 40 | I41: Male | J41: 1 | K41: Laboratory Technician | L41: Married | M41: 51540 | N41: 0 | O41: 19 | P41: 0 | Q41: 12 | R41: 2 | S41: 11 | T41: 6 | U41: 9 | V41: 3 | W41: 2 | X41: 2 | Y41: 2 | Z41: 3
A42: 36 | B42: No | C42: Travel_Frequently | D42: Research & Development | E42: 8 | F42: 3 | G42: Other | H42: 41 | I42: Female | J42: 3 | K42: Sales Executive | L42: Married | M42: 69620 | N42: 4 | O42: 12 | P42: 2 | Q42: 4 | R42: 2 | S42: 1 | T42: 0 | U42: 0 | V42: 3 | X42: 3 | Y42: 2 | Z42: 3
A43: 51 | B43: No | C43: Travel_Rarely | D43: Research & Development | E43: 2 | F43: 3 | G43: Life Sciences | H43: 42 | I43: Male | J43: 2 | K43: Laboratory Technician | L43: Divorced | M43: 56750 | N43: 5 | O43: 13 | P43: 0 | Q43: 13 | R43: 2 | S43: 4 | T43: 1 | U43: 2 | V43: 4 | W43: 2 | X43: 3 | Y43: 2 | Z43: 3
A44: 41 | B44: No | C44: Travel_Rarely | D44: Research & Development | E44: 29 | F44: 1 | G44: Life Sciences | H44: 43 | I44: Male | J44: 1 | K44: Laboratory Technician | L44: Single | M44: 23790 | N44: 1 | O44: 12 | P44: 0 | Q44: 22 | R44: 6 | S44: 22 | T44: 0 | U44: 4 | V44: 4 | W44: 2 | X44: 3 | Y44: 3 | Z44: 3
A45: 18 | B45: No | C45: Travel_Rarely | D45: Sales | E45: 7 | F45: 3 | G45: Life Sciences | H45: 44 | I45: Male | J45: 1 | K45: Research Scientist | L45: Single | M45: 38120 | N45: 1 | O45: 15 | P45: 0 | Q45: 0 | R45: 3 | S45: 0 | T45: 0 | U45: 0 | V45: 4 | W45: 3 | X45: 3 | Y45: 3 | Z45: 3
A46: 28 | B46: No | C46: Travel_Rarely | D46: Research & Development | E46: 9 | F46: 3 | G46: Medical | H46: 45 | I46: Male | J46: 1 | K46: Sales Representative | L46: Single | M46: 46480 | N46: 0 | O46: 23 | P46: 2 | Q46: 9 | R46: 2 | S46: 8 | T46: 0 | U46: 7 | V46: 2 | W46: 1 | X46: 3 | Y46: 2 | Z46: 4
A47: 31 | B47: No | C47: Travel_Rarely | D47: Research & Development | E47: 8 | F47: 1 | G47: Technical Degree | H47: 46 | I47: Male | J47: 1 | K47: Manufacturing Director | L47: Married | M47: 29360 | N47: 4 | O47: 12 | P47: 1 | Q47: 10 | R47: 2 | S47: 8 | T47: 7 | U47: 7 | V47: 2 | W47: 4 | X47: 2 | Y47: 3 | Z47: 3
A48: 39 | B48: No | C48: Travel_Rarely | D48: Sales | E48: 5 | F48: 4 | G48: Marketing | H48: 47 | I48: Female | J48: 2 | K48: Human Resources | L48: Divorced | M48: 21050 | N48: 0 | O48: 20 | P48: 0 | Q48: 19 | R48: 3 | S48: 18 | T48: 3 | U48: 7 | V48: 3 | W48: 4 | X48: 2 | Y48: 3 | Z48: 4
A49: 36 | B49: No | C49: Non-Travel | D49: Research & Development | E49: 5 | F49: 4 | G49: Life Sciences | H49: 48 | I49: Male | J49: 1 | K49: Sales Executive | L49: Married | M49: 85780 | N49: 7 | O49: 21 | P49: 0 | Q49: 11 | R49: 4 | S49: 9 | T49: 0 | U49: 8 | V49: 2 | W49: 2 | X49: 3 | Y49: 3 | Z49: 4
A50: 32 | B50: No | C50: Travel_Rarely | D50: Sales | E50: 2 | F50: 3 | G50: Marketing | H50: 49 | I50: Male | J50: 2 | K50: Laboratory Technician | L50: Married | M50: 27060 | N50: 1 | O50: 21 | P50: 1 | Q50: 13 | R50: 4 | S50: 13 | T50: 4 | U50: 8 | V50: 4 | W50: 3 | X50: 2 | Y50: 3 | Z50: 4
A51: 38 | B51: No | C51: Travel_Rarely | D51: Research & Development | E51: 5 | F51: 2 | G51: Life Sciences | H51: 50 | I51: Female | J51: 3 | K51: Research Scientist | L51: Married | M51: 63840 | N51: 3 | O51: 19 | P51: 2 | Q51: 19 | R51: 4 | S51: 10 | T51: 0 | U51: 1 | V51: 1 | W51: 2 | X51: 3 | Y51: 2 | Z51: 3
A52: 58 | B52: No | C52: Non-Travel | D52: Research & Development | E52: 2 | F52: 3 | G52: Life Sciences | H52: 51 | I52: Male | J52: 2 | K52: Manufacturing Director | L52: Divorced | M52: 39680 | N52: 2 | O52: 13 | P52: 2 | Q52: 12 | R52: 3 | S52: 5 | T52: 1 | U52: 2 | V52: 4 | W52: 3 | X52: 3 | Y52: 2 | Z52: 3
A53: 31 | B53: No | C53: Travel_Rarely | D53: Research & Development | E53: 20 | F53: 1 | G53: Technical Degree | H53: 52 | I53: Female | J53: 3 | K53: Research Scientist | L53: Married | M53: 99070 | N53: 0 | O53: 13 | P53: 1 | Q53: 6 | R53: 3 | S53: 5 | T53: 0 | U53: 3 | V53: 3 | W53: 4 | X53: 3 | Y53: 2 | Z53: 3
A54: 31 | B54: No | C54: Travel_Rarely | D54: Sales | E54: 7 | F54: 4 | G54: Marketing | H54: 53 | I54: Male | J54: 2 | K54: Sales Executive | L54: Married | M54: 132250 | N54: 3 | O54: 21 | P54: 1 | Q54: 9 | R54: 2 | S54: 2 | T54: 1 | U54: 0 | V54: 1 | W54: 1 | X54: 3 | Y54: 3 | Z54: 4
... A85: 38 | B85: No | C85: Travel_Rarely | D85: Research & Development | E85: 28 | F85: 4 | G85: Medical | H85: 84 | I85: Male | J85: 1 | K85: Laboratory Technician | L85: Divorced | M85: 65830 | N85: 0 | O85: 12 | P85: 0 | Q85: 12 | R85: 1 | S85: 11 | T85: 2 | U85: 9 | V85: 3 | W85: 4 | X85: 3 | Y85: 3 | Z85: 3
A86: 31 | B86: No | C86: Travel_Rarely | D86: Research & Development | E86: 6 | F86: 3 | G86: Medical | H86: 85 | I86: Female | J86: 3 | K86: Manager | L86: Single | M86: 81030 | N86: 1 | O86: 15 | P86: 1 | Q86: 11 | R86: 5 | S86: 11 | T86: 4 | U86: 10 | V86: 3 | W86: 4 | Y86: 3 | Z86: 3
A87: 29 | B87: No | C87: Travel_Rarely | D87: Research & Development | E87: 3 | F87: 4 | G87: Life Sciences | H87: 86 | I87: Male | J87: 3 | K87: Sales Executive | L87: Divorced | M87: 39780 | N87: 1 | O87: 11 | P87: 0 | Q87: 7 | R87: 0 | S87: 7 | T87: 1 | U87: 7 | V87: 4 | W87: 2 | X87: 3 | Y87: 3 | Z87: 3
A88: 35 | B88: No | C88: Travel_Rarely | D88: Sales | E88: 16 | F88: 2 | G88: Technical Degree | H88: 87 | I88: Male | J88: 3 | K88: Manager | L88: Single | M88: 25440 | N88: 0 | O88: 13 | P88: 1 | Q88: 17 | R88: 3 | S88: 16 | T88: 0 | U88: 13 | V88: 3 | W88: 2 | X88: 3 | Y88: 4 | Z88: 3
A89: 23 | B89: No | C89: Travel_Rarely | D89: Research & Development | E89: 20 | F89: 4 | G89: Life Sciences | H89: 88 | I89: Male | J89: 1 | K89: Manufacturing Director | L89: Divorced | M89: 53990 | N89: 1 | O89: 23 | P89: 0 | Q89: 4 | R89: 2 | S89: 4 | T89: 0 | U89: 2 | V89: 3 | W89: 4 | X89: 2 | Y89: 2 | Z89: 4
A90: 41 | B90: No | C90: Travel_Rarely | D90: Research & Development | E90: 9 | F90: 2 | G90: Life Sciences | H90: 89 | I90: Female | J90: 1 | K90: Laboratory Technician | L90: Single | M90: 54870 | N90: 6 | O90: 19 | P90: 2 | Q90: 8 | R90: 0 | S90: 5 | T90: 1 | U90: 2 | V90: 4 | W90: 2 | X90: 3 | Y90: 3 | Z90: 3
A91: 47 | B91: No | C91: Travel_Frequently | D91: Sales | E91: 1 | F91: 3 | G91: Medical | H91: 90 | I91: Female | J91: 2 | K91: Laboratory Technician | L91: Single | M91: 68340 | N91: 3 | O91: 16 | P91: 1 | Q91: 5 | R91: 2 | S91: 0 | T91: 0 | U91: 0 | V91: 2 | W91: 3 | X91: 3 | Y91: 4 | Z91: 3
A92: 42 | B92: No | C92: Travel_Rarely | D92: Research & Development | E92: 3 | F92: 4 | G92: Life Sciences | H92: 91 | I92: Male | J92: 1 | K92: Manager | L92: Single | M92: 10910 | N92: 2 | O92: 22 | P92: 0 | Q92: 16 | R92: 0 | S92: 1 | T92: 0 | U92: 0 | V92: 1 | W92: 4 | X92: 3 | Y92: 1 | Z92: 4
A93: 29 | B93: No | C93: Non-Travel | D93: Sales | E93: 22 | F93: 4 | G93: Marketing | H93: 92 | I93: Male | J93: 2 | K93: Human Resources | L93: Married | M93: 57360 | N93: 1 | O93: 22 | P93: 0 | Q93: 4 | R93: 1 | S93: 4 | T93: 0 | U93: 2 | V93: 4 | W93: 3 | X93: 2 | Y93: 2 | Z93: 4
A94: 42 | B94: No | C94: Travel_Rarely | D94: Sales | E94: 7 | F94: 4 | G94: Medical | H94: 93 | I94: Male | J94: 3 | K94: Research Scientist | L94: Divorced | M94: 22260 | N94: 0 | O94: 12 | P94: 1 | Q94: 4 | R94: 3 | S94: 3 | T94: 1 | U94: 0 | V94: 3 | W94: 3 | X94: 3 | Y94: 2 | Z94: 3
A95: 32 | B95: No | C95: Travel_Rarely | D95: Research & Development | E95: 2 | F95: 3 | G95: Medical | H95: 94 | I95: Male | J95: 2 | K95: Research Scientist | L95: Married | M95: 57470 | N95: 1 | O95: 13 | P95: 0 | Q95: 8 | R95: 0 | S95: 8 | T95: 0 | U95: 7 | V95: 3 | W95: 2 | X95: 3 | Y95: 3 | Z95: 3
A96: 48 | B96: No | C96: Travel_Rarely | D96: Sales | E96: 13 | F96: 4 | G96: Medical | H96: 95 | I96: Male | J96: 4 | K96: Sales Executive | L96: Married | M96: 98540 | N96: 3 | O96: 16 | P96: 1 | Q96: 15 | R96: 2 | S96: 0 | T96: 0 | U96: 0 | V96: 1 | W96: 3 | X96: 1 | Y96: 2 | Z96: 3
A97: 37 | B97: No | C97: Travel_Rarely | D97: Research & Development | E97: 8 | F97: 5 | G97: Technical Degree | H97: 96 | I97: Male | J97: 2 | K97: Manufacturing Director | L97: Divorced | M97: 54670 | N97: 4 | O97: 12 | P97: 0 | Q97: 13 | R97: 2 | S97: 7 | T97: 6 | U97: 7 | V97: 3 | W97: 1 | X97: 3 | Y97: 3 | Z97: 3
A98: 30 | B98: No | C98: Non-Travel | D98: Sales | E98: 25 | F98: 4 | G98: Other | H98: 97 | I98: Male | J98: 1 | K98: Healthcare Representative | L98: Married | M98: 53800 | N98: 7 | O98: 21 | P98: 1 | Q98: 4 | R98: 0 | S98: 2 | T98: 2 | U98: 2 | V98: 4 | W98: 3 | X98: 4 | Y98: 3 | Z98: 4
... A112: 40 | B112: Yes | C112: Travel_Rarely | D112: Research & Development | E112: 8 | F112: 3 | G112: Medical | H112: 111 | I112: Female | J112: 1 | K112: Healthcare Representative | L112: Married | M112: 86280 | N112: 2 | O112: 20 | P112: 0 | Q112: 8 | R112: 2 | S112: 6 | T112: 1 | U112: 0 | V112: 3 | W112: 3 | X112: 3 | Y112: 2 | Z112: 4
A113: 31 | B113: No | C113: Travel_Rarely | D113: Research & Development | E113: 1 | F113: 3 | G113: Life Sciences | H113: 112 | I113: Male | J113: 4 | K113: Human Resources | L113: Single | M113: 28670 | N113: 0 | O113: 24 | P113: 0 | Q113: 3 | R113: 5 | S113: 2 | T113: 2 | U113: 2 | W113: 2 | X113: 3 | Y113: 3 | Z113: 4
A114: 21 | B114: Yes | C114: Travel_Rarely | D114: Human Resources | E114: 10 | F114: 2 | G114: Human Resources | H114: 113 | I114: Male | J114: 1 | K114: Laboratory Technician | L114: Single | M114: 53730 | N114: 1 | O114: 12 | P114: 1 | Q114: 1 | R114: 2 | S114: 1 | T114: 0 | U114: 0 | V114: 3 | W114: 2 | X114: 3 | Y114: 3 | Z114: 3
A115: 29 | B115: No | C115: Travel_Rarely | D115: Research & Development | E115: 1 | F115: 3 | G115: Life Sciences | H115: 114 | I115: Female | J115: 2 | K115: Research Director | L115: Single | M115: 66670 | N115: 9 | O115: 12 | P115: 1 | Q115: 6 | R115: 6 | S115: 3 | T115: 1 | U115: 2 | V115: 4 | W115: 4 | X115: 3 | Y115: 4 | Z115: 3
A116: 35 | B116: No | C116: Travel_Rarely | D116: Research & Development | E116: 29 | F116: 3 | G116: Life Sciences | H116: 115 | I116: Female | J116: 3 | K116: Sales Executive | L116: Single | M116: 50030 | N116: 9 | O116: 15 | P116: 0 | Q116: 10 | R116: 2 | S116: 1 | T116: 0 | U116: 0 | V116: 3 | W116: 2 | X116: 3 | Y116: 3 | Z116: 3
A117: 27 | B117: No | C117: Travel_Rarely | D117: Sales | E117: 2 | F117: 3 | G117: Life Sciences | H117: 116 | I117: Male | J117: 1 | K117: Sales Executive | L117: Divorced | M117: 23670 | O117: 12 | P117: 1 | Q117: 5 | R117: 2 | S117: 5 | T117: 0 | U117: 4 | V117: 4 | W117: 2 | X117: 3 | Y117: 3 | Z117: 3
A118: 28 | B118: No | C118: Travel_Rarely | D118: Research & Development | E118: 2 | F118: 2 | G118: Medical | H118: 117 | I118: Male | J118: 3 | K118: Manager | L118: Single | M118: 28580 | N118: 1 | O118: 12 | P118: 0 | Q118: 7 | R118: 2 | S118: 7 | T118: 0 | U118: 7 | V118: 2 | W118: 4 | X118: 3 | Y118: 2 | Z118: 3
A119: 49 | B119: No | C119: Travel_Rarely | D119: Sales | E119: 2 | F119: 3 | G119: Technical Degree | H119: 118 | I119: Male | J119: 2 | K119: Manufacturing Director | L119: Single | M119: 52040 | N119: 8 | O119: 14 | P119: 1 | Q119: 26 | R119: 3 | S119: 5 | T119: 0 | U119: 0 | V119: 2 | W119: 3 | X119: 3 | Y119: 3 | Z119: 3
A120: 51 | B120: No | C120: Travel_Rarely | D120: Research & Development | E120: 1 | F120: 2 | G120: Life Sciences | H120: 119 | I120: Male | J120: 1 | K120: Sales Executive | L120: Married | M120: 41050 | N120: 4 | O120: 22 | P120: 1 | Q120: 18 | R120: 2 | S120: 7 | T120: 0 | U120: 7 | V120: 3 | W120: 4 | X120: 2 | Y120: 3 | Z120: 4
A121: 36 | B121: No | C121: Travel_Rarely | D121: Sales | E121: 15 | F121: 2 | G121: Life Sciences | H121: 120 | I121: Male | J121: 1 | K121: Sales Executive | L121: Married | M121: 96790 | N121: 4 | O121: 12 | P121: 0 | Q121: 6 | R121: 1 | S121: 2 | T121: 2 | U121: 2 | V121: 4 | W121: 3 | X121: 3 | Y121: 3 | Z121: 3
A122: 34 | B122: Yes | C122: Non-Travel | D122: Research & Development | E122: 7 | F122: 3 | G122: Life Sciences | H122: 121 | I122: Male | J122: 1 | K122: Sales Representative | L122: Single | M122: 56170 | N122: 8 | O122: 25 | P122: 1 | Q122: 9 | R122: 3 | S122: 5 | T122: 0 | U122: 4 | V122: 1 | W122: 4 | X122: 2 | Y122: 3 | Z122: 4
A123: 55 | B123: No | C123: Travel_Rarely | D123: Sales | E123: 26 | F123: 3 | G123: Marketing | H123: 122 | I123: Male | J123: 1 | K123: Laboratory Technician | L123: Single | M123: 104480 | N123: 2 | O123: 13 | P123: 0 | Q123: 30 | R123: 3 | S123: 5 | T123: 1 | U123: 2 | V123: 3 | W123: 4 | X123: 3 | Y123: 3 | Z123: 3
A124: 24 | B124: No | C124: Travel_Rarely | D124: Research & Development | E124: 1 | F124: 3 | G124: Life Sciences | H124: 123 | I124: Female | J124: 5 | K124: Manager | L124: Divorced | M124: 28970 | N124: 1 | O124: 18 | P124: 3 | Q124: 5 | R124: 4 | S124: 5 | T124: 0 | U124: 3 | V124: 4 | W124: 3 | X124: 4 | Y124: 3 | Z124: 3
A125: 30 | B125: No | C125: Travel_Rarely | D125: Research & Development | E125: 3 | F125: 3 | G125: Life Sciences | H125: 124 | I125: Female | J125: 2 | K125: Manager | L125: Married | M125: 59680 | N125: 1 | O125: 13 | P125: 0 | Q125: 1 | R125: 3 | S125: 1 | T125: 0 | U125: 0 | V125: 3 | W125: 2 | X125: 3 | Y125: 3 | Z125: 3
A126: 26 | B126: Yes | C126: Travel_Frequently | D126: Sales | E126: 14 | F126: 3 | G126: Life Sciences | H126: 125 | I126: Male | J126: 2 | K126: Manager | L126: Single | M126: 75100 | N126: 0 | O126: 18 | P126: 3 | Q126: 7 | R126: 3 | S126: 6 | T126: 0 | U126: 4 | V126: 3 | X126: 3 | Y126: 3 | Z126: 3
A127: 22 | B127: No | C127: Travel_Rarely | D127: Research & Development | E127: 16 | F127: 5 | G127: Other | H127: 126 | I127: Male | J127: 1 | K127: Research Scientist | L127: Married | M127: 29910 | N127: 1 | O127: 19 | P127: 2 | Q127: 2 | R127: 3 | S127: 2 | T127: 1 | U127: 2 | V127: 1 | W127: 2 | X127: 3 | Y127: 2 | Z127: 3
A128: 36 | B128: No | C128: Travel_Rarely | D128: Research & Development | E128: 1 | F128: 3 | G128: Medical | H128: 127 | I128: Female | J128: 5 | K128: Healthcare Representative | L128: Married | M128: 196360 | N128: 1 | O128: 12 | P128: 1 | Q128: 10 | R128: 3 | S128: 10 | T128: 9 | U128: 0 | V128: 2 | W128: 3 | X128: 3 | Y128: 3 | Z128: 3
A129: 30 | B129: Yes | C129: Travel_Frequently | D129: Sales | E129: 3 | F129: 2 | G129: Marketing | H129: 128 | I129: Male | J129: 3 | K129: Research Scientist | L129: Single | M129: 11290 | N129: 9 | O129: 19 | P129: 0 | Q129: 3 | R129: 2 | S129: 1 | T129: 0 | U129: 0 | V129: 3 | W129: 4 | X129: 3 | Y129: 2 | Z129: 3
A130: 37 | B130: No | C130: Travel_Rarely | D130: Research & Development | E130: 10 | F130: 1 | G130: Technical Degree | H130: 129 | I130: Male | J130: 1 | K130: Sales Executive | L130: Divorced | M130: 133410 | N130: 1 | O130: 14 | P130: 1 | Q130: 18 | R130: 3 | S130: 18 | T130: 12 | U130: 17 | V130: 4 | W130: 1 | X130: 2 | Y130: 3 | Z130: 3
A131: 40 | B131: No | C131: Travel_Rarely | D131: Research & Development | E131: 6 | F131: 2 | G131: Medical | H131: 130 | I131: Male | J131: 3 | K131: Research Scientist | L131: Divorced | M131: 43320 | N131: 7 | O131: 14 | P131: 2 | Q131: 8 | R131: 3 | S131: 5 | T131: 1 | U131: 3 | V131: 4 | W131: 2 | X131: 3 | Y131: 2 | Z131: 3
A132: 42 | B132: No | C132: Travel_Rarely | D132: Research & Development | E132: 2 | F132: 3 | G132: Medical | H132: 131 | I132: Female | J132: 4 | K132: Manager | L132: Divorced | M132: 110310 | N132: 3 | O132: 12 | P132: 1 | Q132: 8 | R132: 2 | S132: 5 | T132: 1 | U132: 2 | V132: 2 | W132: 1 | X132: 3 | Y132: 2 | Z132: 3
A133: 37 | B133: No | C133: Travel_Rarely | D133: Sales | E133: 9 | F133: 1 | G133: Marketing | H133: 132 | I133: Male | J133: 3 | K133: Sales Executive | L133: Single | M133: 44400 | N133: 2 | O133: 11 | P133: 1 | Q133: 18 | R133: 3 | S133: 1 | T133: 0 | U133: 1 | V133: 3 | W133: 2 | X133: 2 | Y133: 2 | Z133: 3
A134: 43 | B134: No | C134: Travel_Rarely | D134: Sales | E134: 10 | F134: 2 | G134: Life Sciences | H134: 133 | I134: Female | J134: 1 | K134: Sales Executive | L134: Divorced | M134: 46170 | N134: 1 | O134: 11 | P134: 0 | Q134: 25 | R134: 2 | S134: 25 | T134: 3 | U134: 9 | V134: 1 | W134: 2 | X134: 3 | Y134: 3 | Z134: 3
A135: 40 | B135: No | C135: Travel_Rarely | D135: Sales | E135: 6 | F135: 2 | G135: Life Sciences | H135: 134 | I135: Female | J135: 1 | K135: Laboratory Technician | L135: Married | M135: 26470 | N135: 6 | O135: 13 | P135: 0 | Q135: 20 | R135: 2 | S135: 1 | T135: 0 | U135: 0 | V135: 2 | W135: 3 | X135: 3 | Y135: 2 | Z135: 3
A136: 54 | B136: No | C136: Travel_Rarely | D136: Human Resources | E136: 9 | F136: 3 | G136: Life Sciences | H136: 135 | I136: Female | J136: 2 | K136: Manufacturing Director | L136: Married | M136: 63230 | N136: 4 | O136: 23 | P136: 1 | Q136: 24 | R136: 2 | S136: 4 | T136: 1 | U136: 2 | V136: 1 | W136: 1 | X136: 2 | Y136: 2 | Z136: 4
A137: 34 | B137: No | C137: Non-Travel | D137: Research & Development | E137: 28 | F137: 3 | G137: Medical | H137: 136 | I137: Male | J137: 1 | K137: Laboratory Technician | L137: Married | M137: 56770 | N137: 9 | O137: 20 | P137: 1 | Q137: 6 | R137: 3 | S137: 3 | T137: 1 | U137: 2 | V137: 3 | W137: 3 | X137: 3 | Y137: 3 | Z137: 4
A138: 31 | B138: No | C138: Travel_Rarely | D138: Research & Development | E138: 10 | F138: 4 | G138: Life Sciences | H138: 137 | I138: Male | J138: 3 | K138: Sales Executive | L138: Married | M138: 21870 | N138: 1 | O138: 15 | P138: 1 | Q138: 13 | R138: 2 | S138: 13 | T138: 3 | U138: 12 | V138: 2 | W138: 1 | X138: 1 | Y138: 2 | Z138: 3
A139: 43 | B139: No | C139: Travel_Frequently | D139: Sales | E139: 14 | F139: 3 | G139: Life Sciences | H139: 138 | I139: Female | J139: 1 | K139: Manufacturing Director | L139: Married | M139: 37480 | N139: 7 | O139: 14 | P139: 2 | R139: 3 | S139: 3 | T139: 1 | U139: 2 | V139: 4 | W139: 4 | X139: 3 | Y139: 2 | Z139: 3
A140: 43 | B140: No | C140: Travel_Rarely | D140: Sales | E140: 27 | F140: 4 | G140: Life Sciences | H140: 139 | I140: Male | J140: 2 | K140: Sales Representative | L140: Divorced | M140: 39770 | N140: 4 | O140: 18 | P140: 1 | Q140: 8 | R140: 3 | S140: 5 | T140: 0 | U140: 2 | V140: 3 | W140: 3 | X140: 3 | Y140: 3 | Z140: 3
A141: 25 | B141: No | C141: Travel_Rarely | D141: Human Resources | E141: 7 | F141: 2 | G141: Human Resources | H141: 140 | I141: Male | J141: 1 | K141: Manufacturing Director | L141: Single | M141: 86330 | N141: 1 | O141: 19 | P141: 1 | Q141: 5 | R141: 2 | S141: 5 | T141: 1 | U141: 3 | V141: 2 | W141: 4 | X141: 3 | Y141: 4 | Z141: 3
A142: 37 | B142: No | C142: Non-Travel | D142: Research & Development | E142: 1 | F142: 3 | G142: Medical | H142: 141 | I142: Male | J142: 3 | K142: Laboratory Technician | L142: Married | M142: 20080 | N142: 3 | O142: 22 | P142: 0 | Q142: 15 | R142: 5 | S142: 13 | T142: 10 | U142: 7 | V142: 2 | W142: 3 | X142: 3 | Y142: 2 | Z142: 4
A143: 31 | B143: No | C143: Travel_Rarely | D143: Research & Development | E143: 24 | F143: 1 | G143: Medical | H143: 142 | I143: Male | J143: 3 | K143: Laboratory Technician | L143: Married | M143: 44400 | N143: 1 | O143: 13 | P143: 1 | Q143: 4 | R143: 2 | S143: 4 | T143: 3 | U143: 2 | V143: 4 | W143: 1 | X143: 3 | Y143: 3 | Z143: 3
A144: 39 | B144: No | C144: Travel_Frequently | D144: Research & Development | E144: 26 | F144: 4 | G144: Technical Degree | H144: 143 | I144: Female | J144: 1 | K144: Sales Executive | L144: Divorced | M144: 30670 | N144: 1 | O144: 20 | P144: 1 | Q144: 21 | R144: 5 | S144: 21 | T144: 1 | U144: 6 | V144: 2 | W144: 3 | X144: 3 | Y144: 1 | Z144: 4
A145: 56 | B145: No | C145: Travel_Frequently | D145: Research & Development | E145: 20 | F145: 4 | G145: Life Sciences | H145: 144 | I145: Female | J145: 3 | K145: Sales Executive | L145: Married | M145: 53210 | N145: 9 | O145: 14 | P145: 0 | Q145: 36 | R145: 1 | S145: 7 | T145: 7 | U145: 7 | V145: 3 | W145: 1 | X145: 2 | Y145: 3 | Z145: 3
A146: 30 | B146: No | C146: Travel_Rarely | D146: Sales | E146: 5 | F146: 4 | G146: Medical | H146: 145 | I146: Female | J146: 2 | K146: Manufacturing Director | L146: Single | M146: 54100 | N146: 0 | O146: 17 | P146: 1 | Q146: 6 | R146: 2 | S146: 5 | T146: 4 | U146: 4 | V146: 2 | W146: 3 | X146: 3 | Y146: 3 | Z146: 3
...

Sheet Validation
A1: Data Validation
A3: Check | B3: Result
A4: Total employees | B4: =COUNTA('Raw Data'!H2:H4411) -> 4410
A5: Duplicate EmployeeID | B5: =SUMPRODUCT((COUNTIF('Raw Data'!H2:H4411,'Raw Data'!H2:H4411)>1)*1) -> 0
A6: Missing Age | B6: =COUNTBLANK('Raw Data'!A2:A4411) -> 0
A7: Missing MonthlyIncome | B7: =COUNTBLANK('Raw Data'!M2:M4411) -> 0
A8: Missing JobSatisfaction | B8: =COUNTBLANK('Raw Data'!W2:W4411) -> 20
A9: Missing EnvironmentSatisfaction | B9: =COUNTBLANK('Raw Data'!V2:V4411) -> 25
A11: Min Age | B11: =MIN('Raw Data'!A2:A4411) -> 18
A12: Max Age | B12: =MAX('Raw Data'!A2:A4411) -> 60
A13: Attrition Yes count | B13: =COUNTIF('Raw Data'!B2:B4411,"Yes") -> 711
A14: Attrition rate % | B14: =ROUND(COUNTIF('Raw Data'!B2:B4411,"Yes")/COUNTA('Raw Data'!H2:H4411)*100,1) -> 16.1

Sheet Risk Score
A1: EmployeeID | B1: Age | C1: Department | D1: JobRole | E1: TotalWorkingYears | F1: YearsWithCurrManager | G1: JobSatisfaction | H1: EnvironmentSatisfaction | I1: Risk_Score | J1: Risk_Tier
A2: ='Raw Data'!H2 -> 1 | B2: ='Raw Data'!A2 -> 51 | C2: ='Raw Data'!D2 -> Sales | D2: ='Raw Data'!K2 -> Healthcare Representative | E2: ='Raw Data'!Q2 -> 1 | F2: ='Raw Data'!U2 -> 0 | G2: ='Raw Data'!W2 -> 4 | H2: ='Raw Data'!V2 -> 3 | I2: =IF(AND(ISNUMBER(B2),B2<=25),2,0)+IF(AND(ISNUMBER(E2),E2<=5),2,0)+IF(AND(ISNUMBER(F2),F2<=1),2,0)+IF(AND(ISNUMBER(G2),G2<=2),1,0)+IF(AND(ISNUMBER(H2),H2<=2),1,0) -> 4 | J2: =IF(I2>=6,"High",IF(I2>=3,"Medium","Low")) -> Medium
A3: ='Raw Data'!H3 -> 2 | B3: ='Raw Data'!A3 -> 31 | C3: ='Raw Data'!D3 -> Research & Development | D3: ='Raw Data'!K3 -> Research Scientist | E3: ='Raw Data'!Q3 -> 6 | F3: ='Raw Data'!U3 -> 4 | G3: ='Raw Data'!W3 -> 2 | H3: ='Raw Data'!V3 -> 3 | I3: =IF(AND(ISNUMBER(B3),B3<=25),2,0)+IF(AND(ISNUMBER(E3),E3<=5),2,0)+IF(AND(ISNUMBER(F3),F3<=1),2,0)+IF(AND(ISNUMBER(G3),G3<=2),1,0)+IF(AND(ISNUMBER(H3),H3<=2),1,0) -> 1 | J3: =IF(I3>=6,"High",IF(I3>=3,"Medium","Low")) -> Low
A4: ='Raw Data'!H4 -> 3 | B4: ='Raw Data'!A4 -> 32 | C4: ='Raw Data'!D4 -> Research & Development | D4: ='Raw Data'!K4 -> Sales Executive | E4: ='Raw Data'!Q4 -> 5 | F4: ='Raw Data'!U4 -> 3 | G4: ='Raw Data'!W4 -> 2 | H4: ='Raw Data'!V4 -> 2 | I4: =IF(AND(ISNUMBER(B4),B4<=25),2,0)+IF(AND(ISNUMBER(E4),E4<=5),2,0)+IF(AND(ISNUMBER(F4),F4<=1),2,0)+IF(AND(ISNUMBER(G4),G4<=2),1,0)+IF(AND(ISNUMBER(H4),H4<=2),1,0) -> 4 | J4: =IF(I4>=6,"High",IF(I4>=3,"Medium","Low")) -> Medium
A5: ='Raw Data'!H5 -> 4 | B5: ='Raw Data'!A5 -> 38 | C5: ='Raw Data'!D5 -> Research & Development | D5: ='Raw Data'!K5 -> Human Resources | E5: ='Raw Data'!Q5 -> 13 | F5: ='Raw Data'!U5 -> 5 | G5: ='Raw Data'!W5 -> 4 | H5: ='Raw Data'!V5 -> 4 | I5: =IF(AND(ISNUMBER(B5),B5<=25),2,0)+IF(AND(ISNUMBER(E5),E5<=5),2,0)+IF(AND(ISNUMBER(F5),F5<=1),2,0)+IF(AND(ISNUMBER(G5),G5<=2),1,0)+IF(AND(ISNUMBER(H5),H5<=2),1,0) -> 0 | J5: =IF(I5>=6,"High",IF(I5>=3,"Medium","Low")) -> Low
A6: ='Raw Data'!H6 -> 5 | B6: ='Raw Data'!A6 -> 32 | C6: ='Raw Data'!D6 -> Research & Development | D6: ='Raw Data'!K6 -> Sales Executive | E6: ='Raw Data'!Q6 -> 9 | F6: ='Raw Data'!U6 -> 4 | G6: ='Raw Data'!W6 -> 1 | H6: ='Raw Data'!V6 -> 4 | I6: =IF(AND(ISNUMBER(B6),B6<=25),2,0)+IF(AND(ISNUMBER(E6),E6<=5),2,0)+IF(AND(ISNUMBER(F6),F6<=1),2,0)+IF(AND(ISNUMBER(G6),G6<=2),1,0)+IF(AND(ISNUMBER(H6),H6<=2),1,0) -> 1 | J6: =IF(I6>=6,"High",IF(I6>=3,"Medium","Low")) -> Low
A7: ='Raw Data'!H7 -> 6 | B7: ='Raw Data'!A7 -> 46 | C7: ='Raw Data'!D7 -> Research & Development | D7: ='Raw Data'!K7 -> Research Director | E7: ='Raw Data'!Q7 -> 28 | F7: ='Raw Data'!U7 -> 7 | G7: ='Raw Data'!W7 -> 2 | H7: ='Raw Data'!V7 -> 3 | I7: =IF(AND(ISNUMBER(B7),B7<=25),2,0)+IF(AND(ISNUMBER(E7),E7<=5),2,0)+IF(AND(ISNUMBER(F7),F7<=1),2,0)+IF(AND(ISNUMBER(G7),G7<=2),1,0)+IF(AND(ISNUMBER(H7),H7<=2),1,0) -> 1 | J7: =IF(I7>=6,"High",IF(I7>=3,"Medium","Low")) -> Low
A8: ='Raw Data'!H8 -> 7 | B8: ='Raw Data'!A8 -> 28 | C8: ='Raw Data'!D8 -> Research & Development | D8: ='Raw Data'!K8 -> Sales Executive | E8: ='Raw Data'!Q8 -> 5 | F8: ='Raw Data'!U8 -> 0 | G8: ='Raw Data'!W8 -> 3 | H8: ='Raw Data'!V8 -> 1 | I8: =IF(AND(ISNUMBER(B8),B8<=25),2,0)+IF(AND(ISNUMBER(E8),E8<=5),2,0)+IF(AND(ISNUMBER(F8),F8<=1),2,0)+IF(AND(ISNUMBER(G8),G8<=2),1,0)+IF(AND(ISNUMBER(H8),H8<=2),1,0) -> 5 | J8: =IF(I8>=6,"High",IF(I8>=3,"Medium","Low")) -> Medium
A9: ='Raw Data'!H9 -> 8 | B9: ='Raw Data'!A9 -> 29 | C9: ='Raw Data'!D9 -> Research & Development | D9: ='Raw Data'!K9 -> Sales Executive | E9: ='Raw Data'!Q9 -> 10 | F9: ='Raw Data'!U9 -> 0 | G9: ='Raw Data'!W9 -> 2 | H9: ='Raw Data'!V9 -> 1 | I9: =IF(AND(ISNUMBER(B9),B9<=25),2,0)+IF(AND(ISNUMBER(E9),E9<=5),2,0)+IF(AND(ISNUMBER(F9),F9<=1),2,0)+IF(AND(ISNUMBER(G9),G9<=2),1,0)+IF(AND(ISNUMBER(H9),H9<=2),1,0) -> 4 | J9: =IF(I9>=6,"High",IF(I9>=3,"Medium","Low")) -> Medium
A10: ='Raw Data'!H10 -> 9 | B10: ='Raw Data'!A10 -> 31 | C10: ='Raw Data'!D10 -> Research & Development | D10: ='Raw Data'!K10 -> Laboratory Technician | E10: ='Raw Data'!Q10 -> 10 | F10: ='Raw Data'!U10 -> 8 | G10: ='Raw Data'!W10 -> 4 | H10: ='Raw Data'!V10 -> 2 | I10: =IF(AND(ISNUMBER(B10),B10<=25),2,0)+IF(AND(ISNUMBER(E10),E10<=5),2,0)+IF(AND(ISNUMBER(F10),F10<=1),2,0)+IF(AND(ISNUMBER(G10),G10<=2),1,0)+IF(AND(ISNUMBER(H10),H10<=2),1,0) -> 1 | J10: =IF(I10>=6,"High",IF(I10>=3,"Medium","Low")) -> Low
A11: ='Raw Data'!H11 -> 10 | B11: ='Raw Data'!A11 -> 25 | C11: ='Raw Data'!D11 -> Research & Development | D11: ='Raw Data'!K11 -> Laboratory Technician | E11: ='Raw Data'!Q11 -> 6 | F11: ='Raw Data'!U11 -> 5 | G11: ='Raw Data'!W11 -> 1 | H11: ='Raw Data'!V11 -> 2 | I11: =IF(AND(ISNUMBER(B11),B11<=25),2,0)+IF(AND(ISNUMBER(E11),E11<=5),2,0)+IF(AND(ISNUMBER(F11),F11<=1),2,0)+IF(AND(ISNUMBER(G11),G11<=2),1,0)+IF(AND(ISNUMBER(H11),H11<=2),1,0) -> 4 | J11: =IF(I11>=6,"High",IF(I11>=3,"Medium","Low")) -> Medium
A12: ='Raw Data'!H12 -> 11 | B12: ='Raw Data'!A12 -> 45 | C12: ='Raw Data'!D12 -> Research & Development | D12: ='Raw Data'!K12 -> Laboratory Technician | E12: ='Raw Data'!Q12 -> 21 | F12: ='Raw Data'!U12 -> 10 | G12: ='Raw Data'!W12 -> 4 | H12: ='Raw Data'!V12 -> 3 | I12: =IF(AND(ISNUMBER(B12),B12<=25),2,0)+IF(AND(ISNUMBER(E12),E12<=5),2,0)+IF(AND(ISNUMBER(F12),F12<=1),2,0)+IF(AND(ISNUMBER(G12),G12<=2),1,0)+IF(AND(ISNUMBER(H12),H12<=2),1,0) -> 0 | J12: =IF(I12>=6,"High",IF(I12>=3,"Medium","Low")) -> Low
A13: ='Raw Data'!H13 -> 12 | B13: ='Raw Data'!A13 -> 36 | C13: ='Raw Data'!D13 -> Research & Development | D13: ='Raw Data'!K13 -> Laboratory Technician | E13: ='Raw Data'!Q13 -> 16 | F13: ='Raw Data'!U13 -> 11 | G13: ='Raw Data'!W13 -> 4 | H13: ='Raw Data'!V13 -> 0 | I13: =IF(AND(ISNUMBER(B13),B13<=25),2,0)+IF(AND(ISNUMBER(E13),E13<=5),2,0)+IF(AND(ISNUMBER(F13),F13<=1),2,0)+IF(AND(ISNUMBER(G13),G13<=2),1,0)+IF(AND(ISNUMBER(H13),H13<=2),1,0) -> 0 | J13: =IF(I13>=6,"High",IF(I13>=3,"Medium","Low")) -> Low
... A4411: ='Raw Data'!H4411 -> 4410 | B4411: ='Raw Data'!A4411 -> 40 | C4411: ='Raw Data'!D4411 -> Research & Development | D4411: ='Raw Data'!K4411 -> Laboratory Technician | E4411: ='Raw Data'!Q4411 -> 0 | F4411: ='Raw Data'!U4411 -> 9 | G4411: ='Raw Data'!W4411 -> 3 | H4411: ='Raw Data'!V4411 -> 1 | I4411: =IF(AND(ISNUMBER(B4411),B4411<=25),2,0)+IF(AND(ISNUMBER(E4411),E4411<=5),2,0)+IF(AND(ISNUMBER(F4411),F4411<=1),2,0)+IF(AND(ISNUMBER(G4411),G4411<=2),1,0)+IF(AND(ISNUMBER(H4411),H4411<=2),1,0) -> 1 | J4411: =IF(I4411>=6,"High",IF(I4411>=3,"Medium","Low")) -> Low

Sheet High Risk List
A1: High Risk Employees, sorted by Risk Score
A3: EmployeeID | B3: Age | C3: Department | D3: JobRole | E3: TotalWorkingYears | F3: YearsWithCurrManager | G3: JobSatisfaction | H3: EnvironmentSatisfaction | I3: Risk_Score
A4: ='Risk Score'!A201 -> 200 | B4: ='Risk Score'!B201 -> 18 | C4: ='Risk Score'!C201 -> Research & Development | D4: ='Risk Score'!D201 -> Sales Executive | E4: ='Risk Score'!E201 -> 0 | F4: ='Risk Score'!F201 -> 0 | G4: ='Risk Score'!G201 -> 2 | H4: ='Risk Score'!H201 -> 2 | I4: ='Risk Score'!I201 -> 8
A5: ='Risk Score'!A433 -> 432 | B5: ='Risk Score'!B433 -> 20 | C5: ='Risk Score'!C433 -> Research & Development | D5: ='Risk Score'!D433 -> Laboratory Technician | E5: ='Risk Score'!E433 -> 1 | F5: ='Risk Score'!F433 -> 0 | G5: ='Risk Score'!G433 -> 1 | H5: ='Risk Score'!H433 -> 1 | I5: ='Risk Score'!I433 -> 8
A6: ='Risk Score'!A478 -> 477 | B6: ='Risk Score'!B478 -> 22 | C6: ='Risk Score'!C478 -> Research & Development | D6: ='Risk Score'!D478 -> Sales Representative | E6: ='Risk Score'!E478 -> 4 | F6: ='Risk Score'!F478 -> 1 | G6: ='Risk Score'!G478 -> 1 | H6: ='Risk Score'!H478 -> 2 | I6: ='Risk Score'!I478 -> 8
A7: ='Risk Score'!A804 -> 803 | B7: ='Risk Score'!B804 -> 24 | C7: ='Risk Score'!C804 -> Sales | D7: ='Risk Score'!D804 -> Research Scientist | E7: ='Risk Score'!E804 -> 4 | F7: ='Risk Score'!F804 -> 0 | G7: ='Risk Score'!G804 -> 1 | H7: ='Risk Score'!H804 -> 2 | I7: ='Risk Score'!I804 -> 8
A8: ='Risk Score'!A1015 -> 1014 | B8: ='Risk Score'!B1015 -> 21 | C8: ='Risk Score'!C1015 -> Sales | D8: ='Risk Score'!D1015 -> Healthcare Representative | E8: ='Risk Score'!E1015 -> 1 | F8: ='Risk Score'!F1015 -> 0 | G8: ='Risk Score'!G1015 -> 2 | H8: ='Risk Score'!H1015 -> 2 | I8: ='Risk Score'!I1015 -> 8
A9: ='Risk Score'!A1363 -> 1362 | B9: ='Risk Score'!B1363 -> 19 | C9: ='Risk Score'!C1363 -> Research & Development | D9: ='Risk Score'!D1363 -> Manufacturing Director | E9: ='Risk Score'!E1363 -> 1 | F9: ='Risk Score'!F1363 -> 0 | G9: ='Risk Score'!G1363 -> 2 | H9: ='Risk Score'!H1363 -> 2 | I9: ='Risk Score'!I1363 -> 8
A10: ='Risk Score'!A1671 -> 1670 | B10: ='Risk Score'!B1671 -> 18 | C10: ='Risk Score'!C1671 -> Research & Development | D10: ='Risk Score'!D1671 -> Sales Executive | E10: ='Risk Score'!E1671 -> 0 | F10: ='Risk Score'!F1671 -> 0 | G10: ='Risk Score'!G1671 -> 2 | H10: ='Risk Score'!H1671 -> 2 | I10: ='Risk Score'!I1671 -> 8
A11: ='Risk Score'!A636 -> 635 | B11: ='Risk Score'!B636 -> 19 | C11: ='Risk Score'!C636 -> Sales | D11: ='Risk Score'!D636 -> Healthcare Representative | E11: ='Risk Score'!E636 -> 1 | F11: ='Risk Score'!F636 -> 0 | G11: ='Risk Score'!G636 -> 2 | H11: ='Risk Score'!H636 -> 1 | I11: ='Risk Score'!I636 -> 8
A12: ='Risk Score'!A2274 -> 2273 | B12: ='Risk Score'!B2274 -> 24 | C12: ='Risk Score'!C2274 -> Sales | D12: ='Risk Score'!D2274 -> Research Scientist | E12: ='Risk Score'!E2274 -> 4 | F12: ='Risk Score'!F2274 -> 0 | G12: ='Risk Score'!G2274 -> 1 | H12: ='Risk Score'!H2274 -> 2 | I12: ='Risk Score'!I2274 -> 8
A13: ='Risk Score'!A1903 -> 1902 | B13: ='Risk Score'!B1903 -> 20 | C13: ='Risk Score'!C1903 -> Research & Development | D13: ='Risk Score'!D1903 -> Laboratory Technician | E13: ='Risk Score'!E1903 -> 1 | F13: ='Risk Score'!F1903 -> 0 | G13: ='Risk Score'!G1903 -> 1 | H13: ='Risk Score'!H1903 -> 1 | I13: ='Risk Score'!I1903 -> 8
A14: ='Risk Score'!A1948 -> 1947 | B14: ='Risk Score'!B1948 -> 22 | C14: ='Risk Score'!C1948 -> Research & Development | D14: ='Risk Score'!D1948 -> Sales Representative | E14: ='Risk Score'!E1948 -> 4 | F14: ='Risk Score'!F1948 -> 1 | G14: ='Risk Score'!G1948 -> 1 | H14: ='Risk Score'!H1948 -> 2 | I14: ='Risk Score'!I1948 -> 8
A15: ='Risk Score'!A3418 -> 3417 | B15: ='Risk Score'!B3418 -> 22 | C15: ='Risk Score'!C3418 -> Research & Development | D15: ='Risk Score'!D3418 -> Sales Representative | E15: ='Risk Score'!E3418 -> 4 | F15: ='Risk Score'!F3418 -> 1 | G15: ='Risk Score'!G3418 -> 1 | H15: ='Risk Score'!H3418 -> 2 | I15: ='Risk Score'!I3418 -> 8
A16: ='Risk Score'!A2485 -> 2484 | B16: ='Risk Score'!B2485 -> 21 | C16: ='Risk Score'!C2485 -> Sales | D16: ='Risk Score'!D2485 -> Healthcare Representative | E16: ='Risk Score'!E2485 -> 1 | F16: ='Risk Score'!F2485 -> 0 | G16: ='Risk Score'!G2485 -> 2 | H16: ='Risk Score'!H2485 -> 2 | I16: ='Risk Score'!I2485 -> 8
A17: ='Risk Score'!A3141 -> 3140 | B17: ='Risk Score'!B3141 -> 18 | C17: ='Risk Score'!C3141 -> Research & Development | D17: ='Risk Score'!D3141 -> Sales Executive | E17: ='Risk Score'!E3141 -> 0 | F17: ='Risk Score'!F3141 -> 0 | G17: ='Risk Score'!G3141 -> 2 | H17: ='Risk Score'!H3141 -> 2 | I17: ='Risk Score'!I3141 -> 8
A18: ='Risk Score'!A3576 -> 3575 | B18: ='Risk Score'!B3576 -> 19 | C18: ='Risk Score'!C3576 -> Sales | D18: ='Risk Score'!D3576 -> Healthcare Representative | E18: ='Risk Score'!E3576 -> 1 | F18: ='Risk Score'!F3576 -> 0 | G18: ='Risk Score'!G3576 -> 2 | H18: ='Risk Score'!H3576 -> 1 | I18: ='Risk Score'!I3576 -> 8
A19: ='Risk Score'!A3955 -> 3954 | B19: ='Risk Score'!B3955 -> 21 | C19: ='Risk Score'!C3955 -> Sales | D19: ='Risk Score'!D3955 -> Healthcare Representative | E19: ='Risk Score'!E3955 -> 1 | F19: ='Risk Score'!F3955 -> 0 | G19: ='Risk Score'!G3955 -> 2 | H19: ='Risk Score'!H3955 -> 2 | I19: ='Risk Score'!I3955 -> 8
A20: ='Risk Score'!A4303 -> 4302 | B20: ='Risk Score'!B4303 -> 19 | C20: ='Risk Score'!C4303 -> Research & Development | D20: ='Risk Score'!D4303 -> Manufacturing Director | E20: ='Risk Score'!E4303 -> 1 | F20: ='Risk Score'!F4303 -> 0 | G20: ='Risk Score'!G4303 -> 2 | H20: ='Risk Score'!H4303 -> 2 | I20: ='Risk Score'!I4303 -> 8
A21: ='Risk Score'!A3373 -> 3372 | B21: ='Risk Score'!B3373 -> 20 | C21: ='Risk Score'!C3373 -> Research & Development | D21: ='Risk Score'!D3373 -> Laboratory Technician | E21: ='Risk Score'!E3373 -> 1 | F21: ='Risk Score'!F3373 -> 0 | G21: ='Risk Score'!G3373 -> 1 | H21: ='Risk Score'!H3373 -> 1 | I21: ='Risk Score'!I3373 -> 8
A22: ='Risk Score'!A3744 -> 3743 | B22: ='Risk Score'!B3744 -> 24 | C22: ='Risk Score'!C3744 -> Sales | D22: ='Risk Score'!D3744 -> Research Scientist | E22: ='Risk Score'!E3744 -> 4 | F22: ='Risk Score'!F3744 -> 0 | G22: ='Risk Score'!G3744 -> 1 | H22: ='Risk Score'!H3744 -> 2 | I22: ='Risk Score'!I3744 -> 8
A23: ='Risk Score'!A2106 -> 2105 | B23: ='Risk Score'!B2106 -> 19 | C23: ='Risk Score'!C2106 -> Sales | D23: ='Risk Score'!D2106 -> Healthcare Representative | E23: ='Risk Score'!E2106 -> 1 | F23: ='Risk Score'!F2106 -> 0 | G23: ='Risk Score'!G2106 -> 2 | H23: ='Risk Score'!H2106 -> 1 | I23: ='Risk Score'!I2106 -> 8
A24: ='Risk Score'!A2833 -> 2832 | B24: ='Risk Score'!B2833 -> 19 | C24: ='Risk Score'!C2833 -> Research & Development | D24: ='Risk Score'!D2833 -> Manufacturing Director | E24: ='Risk Score'!E2833 -> 1 | F24: ='Risk Score'!F2833 -> 0 | G24: ='Risk Score'!G2833 -> 2 | H24: ='Risk Score'!H2833 -> 2 | I24: ='Risk Score'!I2833 -> 8
A25: ='Risk Score'!A805 -> 804 | B25: ='Risk Score'!B805 -> 24 | C25: ='Risk Score'!C805 -> Research & Development | D25: ='Risk Score'!D805 -> Manager | E25: ='Risk Score'!E805 -> 1 | F25: ='Risk Score'!F805 -> 0 | G25: ='Risk Score'!G805 -> 2 | H25: ='Risk Score'!H805 -> 4 | I25: ='Risk Score'!I805 -> 7
A26: ='Risk Score'!A475 -> 474 | B26: ='Risk Score'!B475 -> 20 | C26: ='Risk Score'!C475 -> Research & Development | D26: ='Risk Score'!D475 -> Research Scientist | E26: ='Risk Score'!E475 -> 1 | F26: ='Risk Score'!F475 -> 0 | G26: ='Risk Score'!G475 -> 1 | H26: ='Risk Score'!H475 -> 4 | I26: ='Risk Score'!I475 -> 7
A27: ='Risk Score'!A471 -> 470 | B27: ='Risk Score'!B471 -> 18 | C27: ='Risk Score'!C471 -> Sales | D27: ='Risk Score'!D471 -> Manager | E27: ='Risk Score'!E471 -> 0 | F27: ='Risk Score'!F471 -> 0 | G27: ='Risk Score'!G471 -> 4 | H27: ='Risk Score'!H471 -> 2 | I27: ='Risk Score'!I471 -> 7
A28: ='Risk Score'!A269 -> 268 | B28: ='Risk Score'!B269 -> 24 | C28: ='Risk Score'!C269 -> Research & Development | D28: ='Risk Score'!D269 -> Healthcare Representative | E28: ='Risk Score'!E269 -> 4 | F28: ='Risk Score'!F269 -> 0 | G28: ='Risk Score'!G269 -> 3 | H28: ='Risk Score'!H269 -> 1 | I28: ='Risk Score'!I269 -> 7
A29: ='Risk Score'!A166 -> 165 | B29: ='Risk Score'!B166 -> 19 | C29: ='Risk Score'!C166 -> Research & Development | D29: ='Risk Score'!D166 -> Sales Executive | E29: ='Risk Score'!E166 -> 1 | F29: ='Risk Score'!F166 -> 0 | G29: ='Risk Score'!G166 -> 4 | H29: ='Risk Score'!H166 -> 1 | I29: ='Risk Score'!I166 -> 7
A30: ='Risk Score'!A114 -> 113 | B30: ='Risk Score'!B114 -> 21 | C30: ='Risk Score'!C114 -> Human Resources | D30: ='Risk Score'!D114 -> Laboratory Technician | E30: ='Risk Score'!E114 -> 1 | F30: ='Risk Score'!F114 -> 0 | G30: ='Risk Score'!G114 -> 2 | H30: ='Risk Score'!H114 -> 3 | I30: ='Risk Score'!I114 -> 7
A31: ='Risk Score'!A1055 -> 1054 | B31: ='Risk Score'!B1055 -> 18 | C31: ='Risk Score'!C1055 -> Research & Development | D31: ='Risk Score'!D1055 -> Sales Representative | E31: ='Risk Score'!E1055 -> 0 | F31: ='Risk Score'!F1055 -> 0 | G31: ='Risk Score'!G1055 -> 3 | H31: ='Risk Score'!H1055 -> 2 | I31: ='Risk Score'!I1055 -> 7
A32: ='Risk Score'!A1323 -> 1322 | B32: ='Risk Score'!B1323 -> 22 | C32: ='Risk Score'!C1323 -> Research & Development | D32: ='Risk Score'!D1323 -> Sales Representative | E32: ='Risk Score'!E1323 -> 1 | F32: ='Risk Score'!F1323 -> 0 | G32: ='Risk Score'!G1323 -> 4 | H32: ='Risk Score'!H1323 -> 2 | I32: ='Risk Score'!I1323 -> 7
A33: ='Risk Score'!A1636 -> 1635 | B33: ='Risk Score'!B1636 -> 19 | C33: ='Risk Score'!C1636 -> Research & Development | D33: ='Risk Score'!D1636 -> Sales Executive | E33: ='Risk Score'!E1636 -> 1 | F33: ='Risk Score'!F1636 -> 0 | G33: ='Risk Score'!G1636 -> 4 | H33: ='Risk Score'!H1636 -> 1 | I33: ='Risk Score'!I1636 -> 7
A34: ='Risk Score'!A1584 -> 1583 | B34: ='Risk Score'!B1584 -> 21 | C34: ='Risk Score'!C1584 -> Human Resources | D34: ='Risk Score'!D1584 -> Laboratory Technician | E34: ='Risk Score'!E1584 -> 1 | F34: ='Risk Score'!F1584 -> 0 | G34: ='Risk Score'!G1584 -> 2 | H34: ='Risk Score'!H1584 -> 3 | I34: ='Risk Score'!I1584 -> 7
A35: ='Risk Score'!A1739 -> 1738 | B35: ='Risk Score'!B1739 -> 24 | C35: ='Risk Score'!C1739 -> Research & Development | D35: ='Risk Score'!D1739 -> Healthcare Representative | E35: ='Risk Score'!E1739 -> 4 | F35: ='Risk Score'!F1739 -> 0 | G35: ='Risk Score'!G1739 -> 3 | H35: ='Risk Score'!H1739 -> 1 | I35: ='Risk Score'!I1739 -> 7
A36: ='Risk Score'!A1799 -> 1798 | B36: ='Risk Score'!B1799 -> 23 | C36: ='Risk Score'!C1799 -> Sales | D36: ='Risk Score'!D1799 -> Manufacturing Director | E36: ='Risk Score'!E1799 -> 1 | F36: ='Risk Score'!F1799 -> 0 | G36: ='Risk Score'!G1799 -> 1 | H36: ='Risk Score'!H1799 -> 3 | I36: ='Risk Score'!I1799 -> 7
A37: ='Risk Score'!A1701 -> 1700 | B37: ='Risk Score'!B1701 -> 20 | C37: ='Risk Score'!C1701 -> Research & Development | D37: ='Risk Score'!D1701 -> Sales Representative | E37: ='Risk Score'!E1701 -> 1 | F37: ='Risk Score'!F1701 -> 0 | G37: ='Risk Score'!G1701 -> 2 | H37: ='Risk Score'!H1701 -> 4 | I37: ='Risk Score'!I1701 -> 7
A38: ='Risk Score'!A1690 -> 1689 | B38: ='Risk Score'!B1690 -> 24 | C38: ='Risk Score'!C1690 -> Sales | D38: ='Risk Score'!D1690 -> Laboratory Technician | E38: ='Risk Score'!E1690 -> 1 | F38: ='Risk Score'!F1690 -> 0 | G38: ='Risk Score'!G1690 -> 2 | H38: ='Risk Score'!H1690 -> 4 | I38: ='Risk Score'!I1690 -> 7
A39: ='Risk Score'!A1182 -> 1181 | B39: ='Risk Score'!B1182 -> 23 | C39: ='Risk Score'!C1182 -> Research & Development | D39: ='Risk Score'!D1182 -> Manufacturing Director | E39: ='Risk Score'!E1182 -> 1 | F39: ='Risk Score'!F1182 -> 0 | G39: ='Risk Score'!G1182 -> 1 | H39: ='Risk Score'!H1182 -> 4 | I39: ='Risk Score'!I1182 -> 7
A40: ='Risk Score'!A1300 -> 1299 | B40: ='Risk Score'!B1300 -> 23 | C40: ='Risk Score'!C1300 -> Research & Development | D40: ='Risk Score'!D1300 -> Laboratory Technician | E40: ='Risk Score'!E1300 -> 3 | F40: ='Risk Score'!F1300 -> 0 | G40: ='Risk Score'!G1300 -> 1 | H40: ='Risk Score'!H1300 -> 3 | I40: ='Risk Score'!I1300 -> 7
A41: ='Risk Score'!A1391 -> 1390 | B41: ='Risk Score'!B1391 -> 19 | C41: ='Risk Score'!C1391 -> Research & Development | D41: ='Risk Score'!D1391 -> Sales Executive | E41: ='Risk Score'!E1391 -> 1 | F41: ='Risk Score'!F1391 -> 0 | G41: ='Risk Score'!G1391 -> 4 | H41: ='Risk Score'!H1391 -> 2 | I41: ='Risk Score'!I1391 -> 7
A42: ='Risk Score'!A1385 -> 1384 | B42: ='Risk Score'!B1385 -> 19 | C42: ='Risk Score'!C1385 -> Research & Development | D42: ='Risk Score'!D1385 -> Healthcare Representative | E42: ='Risk Score'!E1385 -> 1 | F42: ='Risk Score'!F1385 -> 0 | G42: ='Risk Score'!G1385 -> 1 | H42: ='Risk Score'!H1385 -> 3 | I42: ='Risk Score'!I1385 -> 7
A43: ='Risk Score'!A1083 -> 1082 | B43: ='Risk Score'!B1083 -> 22 | C43: ='Risk Score'!C1083 -> Research & Development | D43: ='Risk Score'!D1083 -> Laboratory Technician | E43: ='Risk Score'!E1083 -> 1 | F43: ='Risk Score'!F1083 -> 0 | G43: ='Risk Score'!G1083 -> 2 | H43: ='Risk Score'!H1083 -> 4 | I43: ='Risk Score'!I1083 -> 7
A44: ='Risk Score'!A521 -> 520 | B44: ='Risk Score'!B521 -> 21 | C44: ='Risk Score'!C521 -> Research & Development | D44: ='Risk Score'!D521 -> Manager | E44: ='Risk Score'!E521 -> 1 | F44: ='Risk Score'!F521 -> 0 | G44: ='Risk Score'!G521 -> 1 | H44: ='Risk Score'!H521 -> 3 | I44: ='Risk Score'!I521 -> 7
A45: ='Risk Score'!A615 -> 614 | B45: ='Risk Score'!B615 -> 24 | C45: ='Risk Score'!C615 -> Human Resources | D45: ='Risk Score'!D615 -> Manufacturing Director | E45: ='Risk Score'!E615 -> 1 | F45: ='Risk Score'!F615 -> 0 | G45: ='Risk Score'!G615 -> 2 | H45: ='Risk Score'!H615 -> 4 | I45: ='Risk Score'!I615 -> 7
A46: ='Risk Score'!A3269 -> 3268 | B46: ='Risk Score'!B3269 -> 23 | C46: ='Risk Score'!C3269 -> Sales | D46: ='Risk Score'!D3269 -> Manufacturing Director | E46: ='Risk Score'!E3269 -> 1 | F46: ='Risk Score'!F3269 -> 0 | G46: ='Risk Score'!G3269 -> 1 | H46: ='Risk Score'!H3269 -> 3 | I46: ='Risk Score'!I3269 -> 7
A47: ='Risk Score'!A3957 -> 3956 | B47: ='Risk Score'!B3957 -> 22 | C47: ='Risk Score'!C3957 -> Research & Development | D47: ='Risk Score'!D3957 -> Research Scientist | E47: ='Risk Score'!E3957 -> 1 | F47: ='Risk Score'!F3957 -> 0 | G47: ='Risk Score'!G3957 -> 1 | H47: ='Risk Score'!H3957 -> 3 | I47: ='Risk Score'!I3957 -> 7
A48: ='Risk Score'!A4023 -> 4022 | B48: ='Risk Score'!B4023 -> 22 | C48: ='Risk Score'!C4023 -> Research & Development | D48: ='Risk Score'!D4023 -> Laboratory Technician | E48: ='Risk Score'!E4023 -> 1 | F48: ='Risk Score'!F4023 -> 0 | G48: ='Risk Score'!G4023 -> 2 | H48: ='Risk Score'!H4023 -> 4 | I48: ='Risk Score'!I4023 -> 7
A49: ='Risk Score'!A4240 -> 4239 | B49: ='Risk Score'!B4240 -> 23 | C49: ='Risk Score'!C4240 -> Research & Development | D49: ='Risk Score'!D4240 -> Laboratory Technician | E49: ='Risk Score'!E4240 -> 3 | F49: ='Risk Score'!F4240 -> 0 | G49: ='Risk Score'!G4240 -> 1 | H49: ='Risk Score'!H4240 -> 3 | I49: ='Risk Score'!I4240 -> 7
A50: ='Risk Score'!A4122 -> 4121 | B50: ='Risk Score'!B4122 -> 23 | C50: ='Risk Score'!C4122 -> Research & Development | D50: ='Risk Score'!D4122 -> Manufacturing Director | E50: ='Risk Score'!E4122 -> 1 | F50: ='Risk Score'!F4122 -> 0 | G50: ='Risk Score'!G4122 -> 1 | H50: ='Risk Score'!H4122 -> 4 | I50: ='Risk Score'!I4122 -> 7
A51: ='Risk Score'!A4331 -> 4330 | B51: ='Risk Score'!B4331 -> 19 | C51: ='Risk Score'!C4331 -> Research & Development | D51: ='Risk Score'!D4331 -> Sales Executive | E51: ='Risk Score'!E4331 -> 1 | F51: ='Risk Score'!F4331 -> 0 | G51: ='Risk Score'!G4331 -> 4 | H51: ='Risk Score'!H4331 -> 2 | I51: ='Risk Score'!I4331 -> 7
A52: ='Risk Score'!A4325 -> 4324 | B52: ='Risk Score'!B4325 -> 19 | C52: ='Risk Score'!C4325 -> Research & Development | D52: ='Risk Score'!D4325 -> Healthcare Representative | E52: ='Risk Score'!E4325 -> 1 | F52: ='Risk Score'!F4325 -> 0 | G52: ='Risk Score'!G4325 -> 1 | H52: ='Risk Score'!H4325 -> 3 | I52: ='Risk Score'!I4325 -> 7
A53: ='Risk Score'!A4263 -> 4262 | B53: ='Risk Score'!B4263 -> 22 | C53: ='Risk Score'!C4263 -> Research & Development | D53: ='Risk Score'!D4263 -> Sales Representative | E53: ='Risk Score'!E4263 -> 1 | F53: ='Risk Score'!F4263 -> 0 | G53: ='Risk Score'!G4263 -> 4 | H53: ='Risk Score'!H4263 -> 2 | I53: ='Risk Score'!I4263 -> 7
A54: ='Risk Score'!A3995 -> 3994 | B54: ='Risk Score'!B3995 -> 18 | C54: ='Risk Score'!C3995 -> Research & Development | D54: ='Risk Score'!D3995 -> Sales Representative | E54: ='Risk Score'!E3995 -> 0 | F54: ='Risk Score'!F3995 -> 0 | G54: ='Risk Score'!G3995 -> 3 | H54: ='Risk Score'!H3995 -> 2 | I54: ='Risk Score'!I3995 -> 7
A55: ='Risk Score'!A3618 -> 3617 | B55: ='Risk Score'!B3618 -> 25 | C55: ='Risk Score'!C3618 -> Research & Development | D55: ='Risk Score'!D3618 -> Research Scientist | E55: ='Risk Score'!E3618 -> 2 | F55: ='Risk Score'!F3618 -> 1 | G55: ='Risk Score'!G3618 -> 2 | H55: ='Risk Score'!H3618 -> 4 | I55: ='Risk Score'!I3618 -> 7
A56: ='Risk Score'!A3781 -> 3780 | B56: ='Risk Score'!B3781 -> 24 | C56: ='Risk Score'!C3781 -> Sales | D56: ='Risk Score'!D3781 -> Manufacturing Director | E56: ='Risk Score'!E3781 -> 2 | F56: ='Risk Score'!F3781 -> 0 | G56: ='Risk Score'!G3781 -> 1 | H56: ='Risk Score'!H3781 -> 3 | I56: ='Risk Score'!I3781 -> 7
A57: ='Risk Score'!A3929 -> 3928 | B57: ='Risk Score'!B3929 -> 24 | C57: ='Risk Score'!C3929 -> Sales | D57: ='Risk Score'!D3929 -> Sales Executive | E57: ='Risk Score'!E3929 -> 3 | F57: ='Risk Score'!F3929 -> 1 | G57: ='Risk Score'!G3929 -> 4 | H57: ='Risk Score'!H3929 -> 1 | I57: ='Risk Score'!I3929 -> 7
A58: ='Risk Score'!A3837 -> 3836 | B58: ='Risk Score'!B3837 -> 18 | C58: ='Risk Score'!C3837 -> Research & Development | D58: ='Risk Score'!D3837 -> Research Director | E58: ='Risk Score'!E3837 -> 0 | F58: ='Risk Score'!F3837 -> 0 | G58: ='Risk Score'!G3837 -> 4 | H58: ='Risk Score'!H3837 -> 2 | I58: ='Risk Score'!I3837 -> 7
A59: ='Risk Score'!A3745 -> 3744 | B59: ='Risk Score'!B3745 -> 24 | C59: ='Risk Score'!C3745 -> Research & Development | D59: ='Risk Score'!D3745 -> Manager | E59: ='Risk Score'!E3745 -> 1 | F59: ='Risk Score'!F3745 -> 0 | G59: ='Risk Score'!G3745 -> 2 | H59: ='Risk Score'!H3745 -> 4 | I59: ='Risk Score'!I3745 -> 7
A60: ='Risk Score'!A3367 -> 3366 | B60: ='Risk Score'!B3367 -> 25 | C60: ='Risk Score'!C3367 -> Research & Development | D60: ='Risk Score'!D3367 -> Sales Executive | E60: ='Risk Score'!E3367 -> 1 | F60: ='Risk Score'!F3367 -> 0 | G60: ='Risk Score'!G3367 -> 2 | H60: ='Risk Score'!H3367 -> 3 | I60: ='Risk Score'!I3367 -> 7
A61: ='Risk Score'!A3593 -> 3592 | B61: ='Risk Score'!B3593 -> 19 | C61: ='Risk Score'!C3593 -> Sales | D61: ='Risk Score'!D3593 -> Laboratory Technician | E61: ='Risk Score'!E3593 -> 1 | F61: ='Risk Score'!F3593 -> 1 | G61: ='Risk Score'!G3593 -> 4 | H61: ='Risk Score'!H3593 -> 2 | I61: ='Risk Score'!I3593 -> 7
A62: ='Risk Score'!A3555 -> 3554 | B62: ='Risk Score'!B3555 -> 24 | C62: ='Risk Score'!C3555 -> Human Resources | D62: ='Risk Score'!D3555 -> Manufacturing Director | E62: ='Risk Score'!E3555 -> 1 | F62: ='Risk Score'!F3555 -> 0 | G62: ='Risk Score'!G3555 -> 2 | H62: ='Risk Score'!H3555 -> 4 | I62: ='Risk Score'!I3555 -> 7
A63: ='Risk Score'!A1902 -> 1901 | B63: ='Risk Score'!B1902 -> 19 | C63: ='Risk Score'!C1902 -> Research & Development | D63: ='Risk Score'!D1902 -> Research Scientist | E63: ='Risk Score'!E1902 -> 1 | F63: ='Risk Score'!F1902 -> 0 | G63: ='Risk Score'!G1902 -> 2 | H63: ='Risk Score'!H1902 -> 4 | I63: ='Risk Score'!I1902 -> 7
A64: ='Risk Score'!A1800 -> 1799 | B64: ='Risk Score'!B1800 -> 24 | C64: ='Risk Score'!C1800 -> Sales | D64: ='Risk Score'!D1800 -> Manufacturing Director | E64: ='Risk Score'!E1800 -> 1 | F64: ='Risk Score'!F1800 -> 0 | G64: ='Risk Score'!G1800 -> 2 | H64: ='Risk Score'!H1800 -> 3 | I64: ='Risk Score'!I1800 -> 7
A65: ='Risk Score'!A1941 -> 1940 | B65: ='Risk Score'!B1941 -> 18 | C65: ='Risk Score'!C1941 -> Sales | D65: ='Risk Score'!D1941 -> Manager | E65: ='Risk Score'!E1941 -> 0 | F65: ='Risk Score'!F1941 -> 0 | G65: ='Risk Score'!G1941 -> 4 | H65: ='Risk Score'!H1941 -> 2 | I65: ='Risk Score'!I1941 -> 7
A66: ='Risk Score'!A2085 -> 2084 | B66: ='Risk Score'!B2085 -> 24 | C66: ='Risk Score'!C2085 -> Human Resources | D66: ='Risk Score'!D2085 -> Manufacturing Director | E66: ='Risk Score'!E2085 -> 1 | F66: ='Risk Score'!F2085 -> 0 | G66: ='Risk Score'!G2085 -> 2 | H66: ='Risk Score'!H2085 -> 4 | I66: ='Risk Score'!I2085 -> 7
A67: ='Risk Score'!A2311 -> 2310 | B67: ='Risk Score'!B2311 -> 24 | C67: ='Risk Score'!C2311 -> Sales | D67: ='Risk Score'!D2311 -> Manufacturing Director | E67: ='Risk Score'!E2311 -> 2 | F67: ='Risk Score'!F2311 -> 0 | G67: ='Risk Score'!G2311 -> 1 | H67: ='Risk Score'!H2311 -> 3 | I67: ='Risk Score'!I2311 -> 7
A68: ='Risk Score'!A2275 -> 2274 | B68: ='Risk Score'!B2275 -> 24 | C68: ='Risk Score'!C2275 -> Research & Development | D68: ='Risk Score'!D2275 -> Manager | E68: ='Risk Score'!E2275 -> 1 | F68: ='Risk Score'!F2275 -> 0 | G68: ='Risk Score'!G2275 -> 2 | H68: ='Risk Score'!H2275 -> 4 | I68: ='Risk Score'!I2275 -> 7
A69: ='Risk Score'!A2487 -> 2486 | B69: ='Risk Score'!B2487 -> 22 | C69: ='Risk Score'!C2487 -> Research & Development | D69: ='Risk Score'!D2487 -> Research Scientist | E69: ='Risk Score'!E2487 -> 1 | F69: ='Risk Score'!F2487 -> 0 | G69: ='Risk Score'!G2487 -> 1 | H69: ='Risk Score'!H2487 -> 3 | I69: ='Risk Score'!I2487 -> 7
A70: ='Risk Score'!A2367 -> 2366 | B70: ='Risk Score'!B2367 -> 18 | C70: ='Risk Score'!C2367 -> Research & Development | D70: ='Risk Score'!D2367 -> Research Director | E70: ='Risk Score'!E2367 -> 0 | F70: ='Risk Score'!F2367 -> 0 | G70: ='Risk Score'!G2367 -> 4 | H70: ='Risk Score'!H2367 -> 2 | I70: ='Risk Score'!I2367 -> 7
A71: ='Risk Score'!A2793 -> 2792 | B71: ='Risk Score'!B2793 -> 22 | C71: ='Risk Score'!C2793 -> Research & Development | D71: ='Risk Score'!D2793 -> Sales Representative | E71: ='Risk Score'!E2793 -> 1 | F71: ='Risk Score'!F2793 -> 0 | G71: ='Risk Score'!G2793 -> 4 | H71: ='Risk Score'!H2793 -> 2 | I71: ='Risk Score'!I2793 -> 7
A72: ='Risk Score'!A2861 -> 2860 | B72: ='Risk Score'!B2861 -> 19 | C72: ='Risk Score'!C2861 -> Research & Development | D72: ='Risk Score'!D2861 -> Sales Executive | E72: ='Risk Score'!E2861 -> 1 | F72: ='Risk Score'!F2861 -> 0 | G72: ='Risk Score'!G2861 -> 4 | H72: ='Risk Score'!H2861 -> 2 | I72: ='Risk Score'!I2861 -> 7
A73: ='Risk Score'!A3106 -> 3105 | B73: ='Risk Score'!B3106 -> 19 | C73: ='Risk Score'!C3106 -> Research & Development | D73: ='Risk Score'!D3106 -> Sales Executive | E73: ='Risk Score'!E3106 -> 1 | F73: ='Risk Score'!F3106 -> 0 | G73: ='Risk Score'!G3106 -> 4 | H73: ='Risk Score'!H3106 -> 1 | I73: ='Risk Score'!I3106 -> 7
A74: ='Risk Score'!A3054 -> 3053 | B74: ='Risk Score'!B3054 -> 21 | C74: ='Risk Score'!C3054 -> Human Resources | D74: ='Risk Score'!D3054 -> Laboratory Technician | E74: ='Risk Score'!E3054 -> 1 | F74: ='Risk Score'!F3054 -> 0 | G74: ='Risk Score'!G3054 -> 2 | H74: ='Risk Score'!H3054 -> 3 | I74: ='Risk Score'!I3054 -> 7
A75: ='Risk Score'!A2652 -> 2651 | B75: ='Risk Score'!B2652 -> 23 | C75: ='Risk Score'!C2652 -> Research & Development | D75: ='Risk Score'!D2652 -> Manufacturing Director | E75: ='Risk Score'!E2652 -> 1 | F75: ='Risk Score'!F2652 -> 0 | G75: ='Risk Score'!G2652 -> 1 | H75: ='Risk Score'!H2652 -> 4 | I75: ='Risk Score'!I2652 -> 7
A76: ='Risk Score'!A2855 -> 2854 | B76: ='Risk Score'!B2855 -> 19 | C76: ='Risk Score'!C2855 -> Research & Development | D76: ='Risk Score'!D2855 -> Healthcare Representative | E76: ='Risk Score'!E2855 -> 1 | F76: ='Risk Score'!F2855 -> 0 | G76: ='Risk Score'!G2855 -> 1 | H76: ='Risk Score'!H2855 -> 3 | I76: ='Risk Score'!I2855 -> 7
A77: ='Risk Score'!A2553 -> 2552 | B77: ='Risk Score'!B2553 -> 22 | C77: ='Risk Score'!C2553 -> Research & Development | D77: ='Risk Score'!D2553 -> Laboratory Technician | E77: ='Risk Score'!E2553 -> 1 | F77: ='Risk Score'!F2553 -> 0 | G77: ='Risk Score'!G2553 -> 2 | H77: ='Risk Score'!H2553 -> 4 | I77: ='Risk Score'!I2553 -> 7
A78: ='Risk Score'!A2459 -> 2458 | B78: ='Risk Score'!B2459 -> 24 | C78: ='Risk Score'!C2459 -> Sales | D78: ='Risk Score'!D2459 -> Sales Executive | E78: ='Risk Score'!E2459 -> 3 | F78: ='Risk Score'!F2459 -> 1 | G78: ='Risk Score'!G2459 -> 4 | H78: ='Risk Score'!H2459 -> 1 | I78: ='Risk Score'!I2459 -> 7
A79: ='Risk Score'!A1945 -> 1944 | B79: ='Risk Score'!B1945 -> 20 | C79: ='Risk Score'!C1945 -> Research & Development | D79: ='Risk Score'!D1945 -> Research Scientist | E79: ='Risk Score'!E1945 -> 1 | F79: ='Risk Score'!F1945 -> 0 | G79: ='Risk Score'!G1945 -> 1 | H79: ='Risk Score'!H1945 -> 4 | I79: ='Risk Score'!I1945 -> 7
A80: ='Risk Score'!A2067 -> 2066 | B80: ='Risk Score'!B2067 -> 19 | C80: ='Risk Score'!C2067 -> Research & Development | D80: ='Risk Score'!D2067 -> Laboratory Technician | E80: ='Risk Score'!E2067 -> 1 | F80: ='Risk Score'!F2067 -> 0 | G80: ='Risk Score'!G2067 -> 1 | H80: ='Risk Score'!H2067 -> 3 | I80: ='Risk Score'!I2067 -> 7
A81: ='Risk Score'!A2148 -> 2147 | B81: ='Risk Score'!B2148 -> 25 | C81: ='Risk Score'!C2148 -> Research & Development | D81: ='Risk Score'!D2148 -> Research Scientist | E81: ='Risk Score'!E2148 -> 2 | F81: ='Risk Score'!F2148 -> 1 | G81: ='Risk Score'!G2148 -> 2 | H81: ='Risk Score'!H2148 -> 4 | I81: ='Risk Score'!I2148 -> 7
A82: ='Risk Score'!A678 -> 677 | B82: ='Risk Score'!B678 -> 25 | C82: ='Risk Score'!C678 -> Research & Development | D82: ='Risk Score'!D678 -> Research Scientist | E82: ='Risk Score'!E678 -> 2 | F82: ='Risk Score'!F678 -> 1 | G82: ='Risk Score'!G678 -> 2 | H82: ='Risk Score'!H678 -> 4 | I82: ='Risk Score'!I678 -> 7
A83: ='Risk Score'!A1017 -> 1016 | B83: ='Risk Score'!B1017 -> 22 | C83: ='Risk Score'!C1017 -> Research & Development | D83: ='Risk Score'!D1017 -> Research Scientist | E83: ='Risk Score'!E1017 -> 1 | F83: ='Risk Score'!F1017 -> 0 | G83: ='Risk Score'!G1017 -> 1 | H83: ='Risk Score'!H1017 -> 3 | I83: ='Risk Score'!I1017 -> 7
A84: ='Risk Score'!A989 -> 988 | B84: ='Risk Score'!B989 -> 24 | C84: ='Risk Score'!C989 -> Sales | D84: ='Risk Score'!D989 -> Sales Executive | E84: ='Risk Score'!E989 -> 3 | F84: ='Risk Score'!F989 -> 1 | G84: ='Risk Score'!G989 -> 4 | H84: ='Risk Score'!H989 -> 1 | I84: ='Risk Score'!I989 -> 7
A85: ='Risk Score'!A897 -> 896 | B85: ='Risk Score'!B897 -> 18 | C85: ='Risk Score'!C897 -> Research & Development | D85: ='Risk Score'!D897 -> Research Director | E85: ='Risk Score'!E897 -> 0 | F85: ='Risk Score'!F897 -> 0 | G85: ='Risk Score'!G897 -> 4 | H85: ='Risk Score'!H897 -> 2 | I85: ='Risk Score'!I897 -> 7
A86: ='Risk Score'!A841 -> 840 | B86: ='Risk Score'!B841 -> 24 | C86: ='Risk Score'!C841 -> Sales | D86: ='Risk Score'!D841 -> Manufacturing Director | E86: ='Risk Score'!E841 -> 2 | F86: ='Risk Score'!F841 -> 0 | G86: ='Risk Score'!G841 -> 1 | H86: ='Risk Score'!H841 -> 3 | I86: ='Risk Score'!I841 -> 7
A87: ='Risk Score'!A653 -> 652 | B87: ='Risk Score'!B653 -> 19 | C87: ='Risk Score'!C653 -> Sales | D87: ='Risk Score'!D653 -> Laboratory Technician | E87: ='Risk Score'!E653 -> 1 | F87: ='Risk Score'!F653 -> 1 | G87: ='Risk Score'!G653 -> 4 | H87: ='Risk Score'!H653 -> 2 | I87: ='Risk Score'!I653 -> 7
A88: ='Risk Score'!A597 -> 596 | B88: ='Risk Score'!B597 -> 19 | C88: ='Risk Score'!C597 -> Research & Development | D88: ='Risk Score'!D597 -> Laboratory Technician | E88: ='Risk Score'!E597 -> 1 | F88: ='Risk Score'!F597 -> 0 | G88: ='Risk Score'!G597 -> 1 | H88: ='Risk Score'!H597 -> 3 | I88: ='Risk Score'!I597 -> 7
A89: ='Risk Score'!A432 -> 431 | B89: ='Risk Score'!B432 -> 19 | C89: ='Risk Score'!C432 -> Research & Development | D89: ='Risk Score'!D432 -> Research Scientist | E89: ='Risk Score'!E432 -> 1 | F89: ='Risk Score'!F432 -> 0 | G89: ='Risk Score'!G432 -> 2 | H89: ='Risk Score'!H432 -> 4 | I89: ='Risk Score'!I432 -> 7
A90: ='Risk Score'!A427 -> 426 | B90: ='Risk Score'!B427 -> 25 | C90: ='Risk Score'!C427 -> Research & Development | D90: ='Risk Score'!D427 -> Sales Executive | E90: ='Risk Score'!E427 -> 1 | F90: ='Risk Score'!F427 -> 0 | G90: ='Risk Score'!G427 -> 2 | H90: ='Risk Score'!H427 -> 3 | I90: ='Risk Score'!I427 -> 7
A91: ='Risk Score'!A330 -> 329 | B91: ='Risk Score'!B330 -> 24 | C91: ='Risk Score'!C330 -> Sales | D91: ='Risk Score'!D330 -> Manufacturing Director | E91: ='Risk Score'!E330 -> 1 | F91: ='Risk Score'!F330 -> 0 | G91: ='Risk Score'!G330 -> 2 | H91: ='Risk Score'!H330 -> 3 | I91: ='Risk Score'!I330 -> 7
A92: ='Risk Score'!A329 -> 328 | B92: ='Risk Score'!B329 -> 23 | C92: ='Risk Score'!C329 -> Sales | D92: ='Risk Score'!D329 -> Manufacturing Director | E92: ='Risk Score'!E329 -> 1 | F92: ='Risk Score'!F329 -> 0 | G92: ='Risk Score'!G329 -> 1 | H92: ='Risk Score'!H329 -> 3 | I92: ='Risk Score'!I329 -> 7
A93: ='Risk Score'!A231 -> 230 | B93: ='Risk Score'!B231 -> 20 | C93: ='Risk Score'!C231 -> Research & Development | D93: ='Risk Score'!D231 -> Sales Representative | E93: ='Risk Score'!E231 -> 1 | F93: ='Risk Score'!F231 -> 0 | G93: ='Risk Score'!G231 -> 2 | H93: ='Risk Score'!H231 -> 4 | I93: ='Risk Score'!I231 -> 7
A94: ='Risk Score'!A220 -> 219 | B94: ='Risk Score'!B220 -> 24 | C94: ='Risk Score'!C220 -> Sales | D94: ='Risk Score'!D220 -> Laboratory Technician | E94: ='Risk Score'!E220 -> 1 | F94: ='Risk Score'!F220 -> 0 | G94: ='Risk Score'!G220 -> 2 | H94: ='Risk Score'!H220 -> 4 | I94: ='Risk Score'!I220 -> 7
A95: ='Risk Score'!A3160 -> 3159 | B95: ='Risk Score'!B3160 -> 24 | C95: ='Risk Score'!C3160 -> Sales | D95: ='Risk Score'!D3160 -> Laboratory Technician | E95: ='Risk Score'!E3160 -> 1 | F95: ='Risk Score'!F3160 -> 0 | G95: ='Risk Score'!G3160 -> 2 | H95: ='Risk Score'!H3160 -> 4 | I95: ='Risk Score'!I3160 -> 7
A96: ='Risk Score'!A3209 -> 3208 | B96: ='Risk Score'!B3209 -> 24 | C96: ='Risk Score'!C3209 -> Research & Development | D96: ='Risk Score'!D3209 -> Healthcare Representative | E96: ='Risk Score'!E3209 -> 4 | F96: ='Risk Score'!F3209 -> 0 | G96: ='Risk Score'!G3209 -> 3 | H96: ='Risk Score'!H3209 -> 1 | I96: ='Risk Score'!I3209 -> 7
A97: ='Risk Score'!A3171 -> 3170 | B97: ='Risk Score'!B3171 -> 20 | C97: ='Risk Score'!C3171 -> Research & Development | D97: ='Risk Score'!D3171 -> Sales Representative | E97: ='Risk Score'!E3171 -> 1 | F97: ='Risk Score'!F3171 -> 0 | G97: ='Risk Score'!G3171 -> 2 | H97: ='Risk Score'!H3171 -> 4 | I97: ='Risk Score'!I3171 -> 7
A98: ='Risk Score'!A3411 -> 3410 | B98: ='Risk Score'!B3411 -> 18 | C98: ='Risk Score'!C3411 -> Sales | D98: ='Risk Score'!D3411 -> Manager | E98: ='Risk Score'!E3411 -> 0 | F98: ='Risk Score'!F3411 -> 0 | G98: ='Risk Score'!G3411 -> 4 | H98: ='Risk Score'!H3411 -> 2 | I98: ='Risk Score'!I3411 -> 7
A99: ='Risk Score'!A3415 -> 3414 | B99: ='Risk Score'!B3415 -> 20 | C99: ='Risk Score'!C3415 -> Research & Development | D99: ='Risk Score'!D3415 -> Research Scientist | E99: ='Risk Score'!E3415 -> 1 | F99: ='Risk Score'!F3415 -> 0 | G99: ='Risk Score'!G3415 -> 1 | H99: ='Risk Score'!H3415 -> 4 | I99: ='Risk Score'!I3415 -> 7
A100: ='Risk Score'!A3461 -> 3460 | B100: ='Risk Score'!B3461 -> 21 | C100: ='Risk Score'!C3461 -> Research & Development | D100: ='Risk Score'!D3461 -> Manager | E100: ='Risk Score'!E3461 -> 1 | F100: ='Risk Score'!F3461 -> 0 | G100: ='Risk Score'!G3461 -> 1 | H100: ='Risk Score'!H3461 -> 3 | I100: ='Risk Score'!I3461 -> 7
A101: ='Risk Score'!A3537 -> 3536 | B101: ='Risk Score'!B3537 -> 19 | C101: ='Risk Score'!C3537 -> Research & Development | D101: ='Risk Score'!D3537 -> Laboratory Technician | E101: ='Risk Score'!E3537 -> 1 | F101: ='Risk Score'!F3537 -> 0 | G101: ='Risk Score'!G3537 -> 1 | H101: ='Risk Score'!H3537 -> 3 | I101: ='Risk Score'!I3537 -> 7
...
